Rk,Player,Pos,Week,Team,Opp,Comp,Att,Pct,Yds,Yds/Att,TD,Int,QBRating,RushAtt,RushYds,RushYds/Att,RushTD,FantasyPoints
1,Carson Palmer,QB,1,ARI,NO,19,32,59,307,10,3,0,123,3,14,5,0,28.68
2,Tom Brady,QB,1,NE,PIT,25,32,78,288,9,4,0,144,3,1,0,0,27.62
3,Tony Romo,QB,1,DAL,NYG,36,45,80,356,8,3,2,103,1,-1,-1,0,27.14
4,Marcus Mariota,QB,1,TEN,TB,13,16,81,209,13,4,0,158,2,6,3,0,24.96
5,Philip Rivers,QB,1,SD,DET,35,42,83,404,10,2,2,103,2,-2,-1,0,24.96
6,Alex Smith,QB,1,KC,HOU,22,33,67,243,7,3,0,119,9,15,2,0,23.22
7,Aaron Rodgers,QB,1,GB,CHI,18,23,78,189,8,3,0,140,8,35,4,0,23.06
8,Ben Roethlisberger,QB,1,PIT,NE,26,38,68,351,9,1,1,95,0,0,0,0,22.04
9,Nick Foles,QB,1,LA,SEA,18,27,67,297,11,1,0,116,4,11,3,1,20.98
10,Drew Brees,QB,1,NO,ARI,30,48,63,355,7,1,1,83,1,3,3,0,20.50
11,Andrew Luck,QB,1,IND,BUF,26,49,53,243,5,2,2,64,4,20,5,0,19.72
12,Andy Dalton,QB,1,CIN,OAK,25,34,74,269,8,2,0,116,4,1,0,0,18.86
13,Matt Ryan,QB,1,ATL,PHI,23,34,68,298,9,2,2,90,5,7,1,0,18.62
14,Sam Bradford,QB,1,PHI,ATL,36,52,69,336,7,1,2,77,0,0,0,0,18.44
15,Jameis Winston,QB,1,TB,TEN,16,33,49,210,6,2,2,64,6,18,3,0,16.20
16,Russell Wilson,QB,1,SEA,LA,32,41,78,251,6,1,1,90,8,31,4,0,16.14
17,Tyrod Taylor,QB,1,BUF,IND,14,19,74,195,10,1,0,124,9,41,5,0,15.90
18,Matthew Stafford,QB,1,DET,SD,19,30,63,246,8,2,2,83,1,-1,-1,0,15.74
19,Jay Cutler,QB,1,CHI,GB,18,36,50,225,6,1,1,67,4,31,8,0,15.10
20,Ryan Fitzpatrick,QB,1,NYJ,CLE,15,24,63,179,8,2,1,96,2,-1,-1,0,14.06
21,Cam Newton,QB,1,CAR,JAX,18,31,58,175,6,1,1,71,14,35,3,0,13.50
22,Ryan Tannehill,QB,1,MIA,WAS,22,34,65,226,7,1,0,94,3,7,2,0,12.74
23,Blake Bortles,QB,1,JAX,CAR,22,40,55,183,5,1,2,54,4,26,7,0,11.92
24,Johnny Manziel,QB,1,CLE,NYJ,13,24,54,182,8,1,1,75,5,35,7,0,11.78
25,Matt McGloin,QB,1,OAK,CIN,23,31,74,142,5,2,1,91,0,0,0,0,11.68
26,Brian Hoyer,QB,1,HOU,KC,18,34,53,236,7,1,1,73,0,0,0,0,11.44
27,Colin Kaepernick,QB,1,SF,MIN,17,26,65,165,6,0,0,83,7,41,6,0,10.70
28,Ryan Mallett,QB,1,HOU,KC,8,13,62,98,8,1,0,110,1,6,6,0,10.52
29,Teddy Bridgewater,QB,1,MIN,SF,23,32,72,231,7,0,1,79,3,16,5,0,9.84
30,Kirk Cousins,QB,1,WAS,MIA,21,31,68,196,6,1,2,69,2,-1,-1,0,9.74
31,Eli Manning,QB,1,NYG,DAL,20,36,56,193,5,0,0,71,1,8,8,0,8.52
32,Peyton Manning,QB,1,DEN,BAL,24,40,60,175,4,0,1,60,1,-1,-1,0,5.90
33,Josh McCown,QB,1,CLE,NYJ,5,8,63,49,6,0,0,80,3,23,8,0,3.26
34,Derek Carr,QB,1,OAK,CIN,7,12,58,61,5,0,0,72,1,8,8,0,3.24
35,Joe Flacco,QB,1,BAL,DEN,18,32,56,117,4,0,2,38,0,0,0,0,2.68
36,Joe Webb,QB,1,CAR,JAX,0,0,0,0,0,0,0,0,0,0,0,0,0.00
37,Luke McCown,QB,1,NO,ARI,0,0,0,0,0,0,0,0,0,0,0,0,0.00
38,Matt Cassel,QB,1,BUF,IND,0,0,0,0,0,0,0,0,0,0,0,0,0.00
39,Zach Mettenberger,QB,1,TEN,TB,0,0,0,0,0,0,0,0,3,-5,-2,0,-0.50
1,Ben Roethlisberger,QB,2,PIT,SF,21,27,78,369,14,3,0,156,1,-1,-1,0,33.66
2,Tom Brady,QB,2,NE,BUF,38,59,64,466,8,3,0,106,3,-4,-1,0,32.24
3,Colin Kaepernick,QB,2,SF,PIT,33,46,72,335,7,2,0,107,9,51,6,0,30.50
4,Derek Carr,QB,2,OAK,BAL,30,46,65,351,8,3,1,101,2,23,12,0,30.34
5,Tyrod Taylor,QB,2,BUF,NE,23,30,77,242,8,3,3,93,5,43,9,1,28.98
6,Cam Newton,QB,2,CAR,HOU,18,37,49,195,5,2,1,71,10,76,8,1,28.40
7,Ryan Tannehill,QB,2,MIA,JAX,30,44,68,359,8,2,0,108,3,17,6,0,27.06
8,Joe Flacco,QB,2,BAL,OAK,32,45,71,384,9,2,1,102,2,2,1,0,25.56
9,Russell Wilson,QB,2,SEA,GB,19,30,63,206,7,2,1,92,10,78,8,0,23.04
10,Aaron Rodgers,QB,2,GB,SEA,25,33,76,249,8,2,0,117,6,23,4,0,22.26
11,Carson Palmer,QB,2,ARI,CHI,17,24,71,185,8,4,1,115,2,-2,-1,0,22.20
12,Blake Bortles,QB,2,JAX,MIA,18,33,55,273,8,2,0,102,2,27,14,0,21.62
13,Andy Dalton,QB,2,CIN,SD,16,26,62,214,8,3,0,126,5,10,2,0,21.56
14,Matt Ryan,QB,2,ATL,NYG,30,46,65,363,8,1,0,97,1,-1,-1,0,21.42
15,Peyton Manning,QB,2,DEN,KC,26,45,58,256,6,3,1,87,0,0,0,0,21.24
16,Eli Manning,QB,2,NYG,ATL,27,40,68,292,7,2,0,105,2,23,12,0,20.98
17,Matthew Stafford,QB,2,DET,MIN,32,53,60,286,5,2,1,80,4,20,5,0,20.44
18,Jameis Winston,QB,2,TB,NO,14,21,67,207,10,1,0,115,6,23,4,1,19.58
19,Ryan Mallett,QB,2,HOU,CAR,27,58,47,244,4,1,1,57,1,6,6,1,19.36
20,Teddy Bridgewater,QB,2,MIN,DET,14,18,78,153,9,1,0,121,6,21,4,1,18.22
21,Marcus Mariota,QB,2,TEN,CLE,21,37,57,257,7,2,0,96,3,19,6,0,18.18
22,Ryan Fitzpatrick,QB,2,NYJ,IND,22,34,65,244,7,2,1,93,1,6,6,0,17.36
23,Philip Rivers,QB,2,SD,CIN,21,27,78,241,9,2,1,113,1,5,5,0,16.14
24,Johnny Manziel,QB,2,CLE,TEN,8,15,53,172,12,2,0,134,3,1,0,0,14.98
25,Drew Brees,QB,2,NO,TB,24,38,63,255,7,1,1,80,1,-1,-1,0,13.10
26,Andrew Luck,QB,2,IND,NYJ,21,37,57,250,7,1,3,53,4,24,6,0,12.40
27,Kirk Cousins,QB,2,WAS,LA,23,27,85,203,8,1,0,110,0,0,0,0,12.12
28,Sam Bradford,QB,2,PHI,DAL,23,37,62,224,6,1,2,66,2,9,5,0,10.86
29,Jay Cutler,QB,2,CHI,ARI,8,9,89,120,13,1,1,116,3,24,8,0,10.20
30,Nick Foles,QB,2,LA,WAS,17,32,53,150,5,1,0,76,1,1,1,0,10.10
31,Tony Romo,QB,2,DAL,PHI,18,27,67,195,7,0,0,88,1,12,12,0,8.00
32,Brandon Weeden,QB,2,DAL,PHI,7,7,100,73,10,1,0,150,3,7,2,0,7.62
33,Alex Smith,QB,2,KC,DEN,16,25,64,191,8,0,2,54,3,15,5,0,7.14
34,Jimmy Clausen,QB,2,CHI,ARI,14,23,61,121,5,0,1,57,2,-5,-3,0,3.34
35,Luke McCown,QB,2,NO,TB,0,0,0,0,0,0,0,0,0,0,0,0,0.00
36,Joe Webb,QB,2,CAR,HOU,0,0,0,0,0,0,0,0,0,0,0,0,0.00
37,Dan Orlovsky,QB,2,DET,MIN,0,0,0,0,0,0,0,0,0,0,0,0,0.00
38,Michael Vick,QB,2,PIT,SF,0,0,0,0,0,0,0,0,3,-3,-1,0,-0.30
1,Aaron Rodgers,QB,3,GB,KC,24,35,69,333,10,5,0,138,2,16,8,0,37.92
2,Andy Dalton,QB,3,CIN,BAL,20,32,63,383,12,3,1,122,5,10,2,1,35.32
3,Cam Newton,QB,3,CAR,NO,20,31,65,315,10,2,0,120,7,33,5,1,32.90
4,Tom Brady,QB,3,NE,JAX,33,42,79,358,9,2,0,118,2,4,2,0,25.72
5,Joe Flacco,QB,3,BAL,CIN,32,49,65,362,7,2,1,92,0,0,0,0,24.48
6,Tyrod Taylor,QB,3,BUF,MIA,21,29,72,277,10,3,0,137,3,12,4,0,24.28
7,Marcus Mariota,QB,3,TEN,IND,27,44,61,367,8,2,2,84,0,0,0,0,23.68
8,Josh McCown,QB,3,CLE,OAK,28,49,57,341,7,2,1,84,0,0,0,0,23.64
9,Derek Carr,QB,3,OAK,CLE,20,32,63,314,10,2,0,116,1,-1,-1,0,23.46
10,Matt Ryan,QB,3,ATL,DAL,24,36,67,285,8,2,0,109,2,17,9,0,23.10
11,Peyton Manning,QB,3,DEN,DET,31,42,74,324,8,2,1,102,1,-1,-1,0,22.86
12,Carson Palmer,QB,3,ARI,SF,20,32,63,311,10,2,1,102,1,1,1,0,22.54
13,Alex Smith,QB,3,KC,GB,24,40,60,290,7,1,1,80,6,33,6,0,19.90
14,Kirk Cousins,QB,3,WAS,NYG,30,49,61,316,6,1,2,70,0,0,0,0,19.64
15,Eli Manning,QB,3,NYG,WAS,23,32,72,279,9,2,0,119,0,0,0,0,19.16
16,Ryan Tannehill,QB,3,MIA,BUF,26,49,53,297,6,2,3,60,1,-1,-1,0,18.78
17,Andrew Luck,QB,3,IND,TEN,18,30,60,260,9,2,2,83,6,21,4,0,18.50
18,Ryan Fitzpatrick,QB,3,NYJ,PHI,35,58,60,283,5,2,3,63,4,13,3,0,17.62
19,Blake Bortles,QB,3,JAX,NE,17,33,52,242,7,2,1,83,3,7,2,0,17.38
20,Russell Wilson,QB,3,SEA,CHI,20,30,67,235,8,1,0,101,6,28,5,0,16.20
21,Luke McCown,QB,3,NO,CAR,31,38,82,310,8,0,1,90,0,0,0,0,14.40
22,Jameis Winston,QB,3,TB,HOU,17,36,47,261,7,1,1,69,0,0,0,0,13.44
23,Matthew Stafford,QB,3,DET,DEN,31,45,69,282,6,1,2,74,1,-1,-1,0,12.58
24,Ryan Mallett,QB,3,HOU,TB,24,39,62,228,6,1,1,76,1,-1,-1,0,12.02
25,Philip Rivers,QB,3,SD,MIN,21,34,62,246,7,1,1,81,0,0,0,0,11.84
26,Colin Kaepernick,QB,3,SF,ARI,9,19,47,67,4,0,4,17,7,46,7,1,9.28
27,Sam Bradford,QB,3,PHI,NYJ,14,28,50,118,4,1,0,73,3,-2,-1,0,8.52
28,Brandon Weeden,QB,3,DAL,ATL,22,26,85,232,9,0,1,88,0,0,0,0,8.28
29,Nick Foles,QB,3,LA,PIT,19,28,68,197,7,0,1,73,1,10,10,0,7.88
30,Ben Roethlisberger,QB,3,PIT,LA,20,24,83,192,8,0,1,83,0,0,0,0,6.68
31,Kellen Clemens,QB,3,SD,MIN,5,6,83,63,11,1,0,150,0,0,0,0,6.52
32,Jimmy Clausen,QB,3,CHI,SEA,9,17,53,63,4,0,0,62,3,13,4,0,3.82
33,Teddy Bridgewater,QB,3,MIN,SD,13,24,54,121,5,0,1,51,1,-1,-1,0,3.74
34,Michael Vick,QB,3,PIT,LA,5,6,83,38,6,0,0,93,2,-2,-1,0,1.32
35,Joe Webb,QB,3,CAR,NO,0,0,0,0,0,0,0,0,0,0,0,0,0.00
36,EJ Manuel,QB,3,BUF,MIA,0,0,0,0,0,0,0,0,1,-2,-2,0,-0.20
37,Jimmy Garoppolo,QB,3,NE,JAX,0,0,0,0,0,0,0,0,2,-2,-1,0,-0.20
38,Drew Stanton,QB,3,ARI,SF,0,0,0,0,0,0,0,0,3,-3,-1,0,-0.30
1,Philip Rivers,QB,4,SD,CLE,23,38,61,358,9,3,0,118,1,-1,-1,0,29.22
2,Josh McCown,QB,4,CLE,SD,32,41,78,356,9,2,0,119,0,0,0,0,26.24
3,Drew Brees,QB,4,NO,DAL,33,41,81,359,9,2,0,119,0,0,0,0,25.36
4,Sam Bradford,QB,4,PHI,WAS,15,28,54,270,10,3,0,123,1,14,14,0,24.20
5,Kirk Cousins,QB,4,WAS,PHI,31,46,67,290,6,1,0,92,1,1,1,1,21.70
6,Andy Dalton,QB,4,CIN,KC,17,24,71,321,13,1,0,127,3,16,5,0,21.44
7,Alex Smith,QB,4,KC,CIN,31,45,69,386,9,0,0,95,5,25,5,0,20.94
8,Carson Palmer,QB,4,ARI,LA,29,46,63,352,8,1,1,85,1,-1,-1,0,19.98
9,Eli Manning,QB,4,NYG,BUF,20,35,57,212,6,3,1,92,3,-2,-1,0,19.28
10,Blake Bortles,QB,4,JAX,IND,28,50,56,298,6,1,0,80,4,31,8,0,19.02
11,Nick Foles,QB,4,LA,ARI,16,24,67,171,7,3,0,127,1,-1,-1,0,18.74
12,Jay Cutler,QB,4,CHI,OAK,28,43,65,281,7,2,1,89,1,0,0,0,18.24
13,Russell Wilson,QB,4,SEA,DET,20,26,77,287,11,1,0,125,10,40,4,0,17.48
14,Brian Hoyer,QB,4,HOU,ATL,17,30,57,232,8,2,0,104,0,0,0,0,17.28
15,Cam Newton,QB,4,CAR,TB,11,22,50,124,6,2,0,98,12,51,4,0,17.06
16,Jameis Winston,QB,4,TB,CAR,26,43,61,287,7,2,4,57,4,12,3,0,16.68
17,Aaron Rodgers,QB,4,GB,SF,22,32,69,224,7,1,0,99,3,33,11,0,16.26
18,Teddy Bridgewater,QB,4,MIN,DEN,27,41,66,269,7,1,0,92,3,23,8,0,16.06
19,Tyrod Taylor,QB,4,BUF,NYG,28,42,67,274,7,1,1,83,6,15,3,0,15.46
20,Matt Hasselbeck,QB,4,IND,JAX,30,47,64,282,6,1,0,87,3,1,0,0,15.38
21,Ryan Fitzpatrick,QB,4,NYJ,MIA,16,29,55,218,8,1,1,77,9,34,4,0,15.12
22,Brandon Weeden,QB,4,DAL,NO,16,26,62,246,10,1,0,106,3,5,2,0,14.34
23,Ryan Tannehill,QB,4,MIA,NYJ,19,44,43,198,5,2,2,53,1,4,4,0,14.32
24,Matt Ryan,QB,4,ATL,HOU,19,27,70,256,10,1,0,113,1,-1,-1,0,14.14
25,Derek Carr,QB,4,OAK,CHI,20,33,61,196,6,2,1,85,1,0,0,0,13.84
26,Michael Vick,QB,4,PIT,BAL,19,26,73,124,5,1,0,96,9,33,4,0,12.26
27,Colin Kaepernick,QB,4,SF,GB,13,25,52,160,6,0,1,55,10,57,6,0,11.10
28,Peyton Manning,QB,4,DEN,MIN,17,27,63,213,8,1,2,69,2,-2,-1,0,10.32
29,Joe Flacco,QB,4,BAL,PIT,20,33,61,189,6,1,1,74,3,0,0,0,9.56
30,Matthew Stafford,QB,4,DET,SEA,24,35,69,203,6,0,0,83,0,0,0,0,8.12
31,Ryan Mallett,QB,4,HOU,ATL,12,27,44,150,6,0,1,47,0,0,0,0,5.00
32,BJ Daniels,QB,4,SEA,DET,0,0,0,0,0,0,0,0,0,0,0,0,2.20
33,Luke McCown,QB,4,NO,DAL,0,0,0,0,0,0,0,0,0,0,0,0,0.00
34,Joe Webb,QB,4,CAR,TB,0,0,0,0,0,0,0,0,0,0,0,0,0.00
35,Sean Renfree,QB,4,ATL,HOU,0,0,0,0,0,0,0,0,1,-4,-4,0,-0.40
1,Josh McCown,QB,5,CLE,BAL,36,51,71,457,9,2,0,111,3,12,4,1,38.48
2,Eli Manning,QB,5,NYG,SF,41,54,76,441,8,3,1,110,1,11,11,0,32.74
3,Blake Bortles,QB,5,JAX,TB,23,33,70,303,9,4,1,125,1,21,21,0,32.22
4,Andy Dalton,QB,5,CIN,SEA,30,44,68,331,8,2,1,96,7,18,3,1,31.04
5,Tom Brady,QB,5,NE,DAL,20,27,74,275,10,2,0,131,2,3,2,1,25.30
6,Joe Flacco,QB,5,BAL,CLE,19,35,54,210,6,1,0,82,2,2,1,2,24.60
7,Philip Rivers,QB,5,SD,PIT,35,48,73,365,8,2,1,100,0,0,0,0,24.60
8,Brian Hoyer,QB,5,HOU,IND,24,31,77,312,10,2,1,117,1,14,14,0,23.88
9,Tyrod Taylor,QB,5,BUF,TEN,10,17,59,109,6,1,0,97,8,76,10,1,23.36
10,Sam Bradford,QB,5,PHI,NO,32,45,71,333,7,2,2,88,1,3,3,0,22.62
11,Drew Brees,QB,5,NO,PHI,26,43,61,335,8,2,1,91,1,-1,-1,0,21.30
12,Colin Kaepernick,QB,5,SF,NYG,23,35,66,262,8,2,0,107,3,23,8,0,20.78
13,Jay Cutler,QB,5,CHI,KC,26,45,58,252,6,2,0,88,4,15,4,0,18.58
14,Aaron Rodgers,QB,5,GB,LA,19,30,63,241,8,2,2,83,8,39,5,0,18.54
15,Carson Palmer,QB,5,ARI,DET,11,14,79,161,12,3,0,154,1,-1,-1,0,18.34
16,Matt Hasselbeck,QB,5,IND,HOU,18,29,62,213,7,2,0,107,3,-3,-1,0,16.22
17,Jameis Winston,QB,5,TB,JAX,13,19,68,209,11,1,0,122,4,9,2,0,15.26
18,Russell Wilson,QB,5,SEA,CIN,15,23,65,213,9,1,1,91,3,21,7,0,13.62
19,Michael Vick,QB,5,PIT,SD,13,26,50,203,8,1,1,73,1,24,24,0,13.52
20,Alex Smith,QB,5,KC,CHI,16,30,53,181,6,1,0,83,3,21,7,0,13.34
21,Derek Carr,QB,5,OAK,DEN,26,39,67,249,6,1,1,82,1,-1,-1,0,11.86
22,Marcus Mariota,QB,5,TEN,BUF,21,32,66,187,6,0,1,68,5,47,9,0,11.18
23,Kirk Cousins,QB,5,WAS,ATL,21,32,66,219,7,1,2,70,1,1,1,0,10.86
24,Dan Orlovsky,QB,5,DET,ARI,21,38,55,191,5,1,1,67,0,0,0,0,10.64
25,Matt Ryan,QB,5,ATL,WAS,24,42,57,254,6,0,2,55,3,20,7,0,9.16
26,Matthew Stafford,QB,5,DET,ARI,20,32,63,188,6,1,3,50,1,2,2,0,8.72
27,Peyton Manning,QB,5,DEN,OAK,22,35,63,266,8,0,2,62,0,0,0,0,8.64
28,Brandon Weeden,QB,5,DAL,NE,26,39,67,188,5,0,1,67,3,18,6,0,8.32
29,Nick Foles,QB,5,LA,GB,11,30,37,141,5,1,4,24,1,2,2,0,5.84
30,Ryan Mallett,QB,5,HOU,IND,7,10,70,50,5,0,1,42,1,0,0,0,1.00
31,Drew Stanton,QB,5,ARI,DET,1,4,25,10,3,0,0,40,3,-3,-1,0,0.10
32,EJ Manuel,QB,5,BUF,TEN,0,0,0,0,0,0,0,0,0,0,0,0,0.00
33,BJ Daniels,QB,5,SEA,CIN,0,0,0,0,0,0,0,0,0,0,0,0,0.00
34,Luke McCown,QB,5,NO,PHI,0,0,0,0,0,0,0,0,0,0,0,0,0.00
35,Jimmy Garoppolo,QB,5,NE,DAL,0,0,0,0,0,0,0,0,2,-2,-1,0,-0.20
1,Matthew Stafford,QB,6,DET,CHI,27,42,64,405,10,4,1,118,6,37,6,0,37.90
2,Philip Rivers,QB,6,SD,GB,43,65,66,503,8,2,0,100,0,0,0,0,31.12
3,Andrew Luck,QB,6,IND,NE,30,50,60,312,6,3,0,98,4,35,9,0,30.98
4,Blake Bortles,QB,6,JAX,HOU,30,53,57,331,6,3,3,71,4,37,9,0,28.94
5,Tom Brady,QB,6,NE,IND,23,37,62,312,8,3,1,105,4,0,0,0,26.48
6,Ryan Fitzpatrick,QB,6,NYJ,WAS,19,26,73,253,10,2,1,113,4,31,8,1,26.22
7,Colin Kaepernick,QB,6,SF,BAL,16,27,59,340,13,2,0,128,3,10,3,0,25.60
8,Brian Hoyer,QB,6,HOU,JAX,24,36,67,293,8,3,0,119,5,5,1,0,24.22
9,Jay Cutler,QB,6,CHI,DET,26,41,63,353,9,1,1,89,2,12,6,0,23.32
10,Joe Flacco,QB,6,BAL,SF,33,53,62,343,7,2,2,78,0,0,0,0,22.72
11,Cam Newton,QB,6,CAR,SEA,20,36,56,269,8,1,2,66,7,30,4,1,21.76
12,Carson Palmer,QB,6,ARI,PIT,29,45,64,421,9,1,2,84,2,-1,-1,0,21.74
13,EJ Manuel,QB,6,BUF,CIN,28,42,67,263,6,1,1,82,6,22,4,1,21.72
14,Andy Dalton,QB,6,CIN,BUF,22,33,67,243,7,3,0,119,3,-2,-1,0,21.52
15,Matt Ryan,QB,6,ATL,NO,30,44,68,295,7,2,0,102,4,10,3,0,19.80
16,Drew Brees,QB,6,NO,ATL,30,39,77,312,8,1,0,108,2,2,1,0,19.68
17,Aaron Rodgers,QB,6,GB,SD,16,29,55,255,9,2,0,108,2,14,7,0,19.60
18,Russell Wilson,QB,6,SEA,CAR,18,30,60,241,8,1,0,97,8,53,7,0,18.94
19,Ryan Tannehill,QB,6,MIA,TEN,22,29,76,266,9,2,2,98,2,14,7,0,18.04
20,Alex Smith,QB,6,KC,MIN,22,37,60,282,8,1,0,92,2,10,5,0,16.28
21,Josh McCown,QB,6,CLE,DEN,20,39,51,213,6,2,2,63,3,12,4,0,14.72
22,Landry Jones,QB,6,PIT,ARI,8,12,67,168,14,2,0,149,1,-1,-1,0,14.62
23,Peyton Manning,QB,6,DEN,CLE,26,48,54,290,6,1,3,53,0,0,0,0,12.60
24,Sam Bradford,QB,6,PHI,NYG,24,38,63,280,7,1,3,61,5,2,0,0,12.40
25,Teddy Bridgewater,QB,6,MIN,KC,17,31,55,249,8,1,2,65,3,-5,-2,0,11.46
26,Eli Manning,QB,6,NYG,PHI,24,38,63,189,5,1,2,62,1,12,12,0,10.76
27,Kirk Cousins,QB,6,WAS,NYJ,25,43,58,196,5,1,2,58,1,1,1,0,9.94
28,Marcus Mariota,QB,6,TEN,MIA,21,33,64,219,7,1,2,68,0,0,0,0,8.76
29,Michael Vick,QB,6,PIT,ARI,3,8,38,6,1,0,0,46,5,47,9,0,4.94
30,Zach Mettenberger,QB,6,TEN,MIA,5,8,63,63,8,0,0,87,1,4,4,0,2.92
31,BJ Daniels,QB,6,SEA,CAR,0,0,0,0,0,0,0,0,0,0,0,0,0.00
32,Ryan Mallett,QB,6,HOU,JAX,0,0,0,0,0,0,0,0,0,0,0,0,0.00
33,Joe Webb,QB,6,CAR,SEA,0,0,0,0,0,0,0,0,0,0,0,0,0.00
34,Luke McCown,QB,6,NO,ATL,0,0,0,0,0,0,0,0,0,0,0,0,0.00
1,Kirk Cousins,QB,7,WAS,TB,33,40,83,317,8,3,0,125,3,15,5,1,34.18
2,Tom Brady,QB,7,NE,NYJ,34,54,63,355,7,2,0,94,4,15,4,1,32.70
3,Philip Rivers,QB,7,SD,OAK,38,58,66,336,6,3,2,84,0,0,0,0,30.44
4,Andrew Luck,QB,7,IND,NO,23,44,52,333,8,3,2,81,3,27,9,0,29.02
5,Ryan Tannehill,QB,7,MIA,HOU,18,19,95,282,15,4,0,158,1,3,3,0,27.58
6,Derek Carr,QB,7,OAK,SD,24,31,77,289,9,3,0,138,2,3,2,0,23.86
7,Teddy Bridgewater,QB,7,MIN,DET,25,35,71,316,9,2,0,118,3,1,0,0,22.74
8,Brian Hoyer,QB,7,HOU,MIA,23,49,47,273,6,3,1,76,0,0,0,0,21.92
9,Ryan Fitzpatrick,QB,7,NYJ,NE,22,39,56,295,8,2,0,98,5,29,6,0,21.70
10,EJ Manuel,QB,7,BUF,JAX,24,42,57,298,7,2,2,75,8,38,5,0,20.72
11,Jameis Winston,QB,7,TB,WAS,21,29,72,297,10,2,0,128,1,5,5,0,20.38
12,Carson Palmer,QB,7,ARI,BAL,20,29,69,275,10,2,0,122,2,2,1,0,19.20
13,Matthew Stafford,QB,7,DET,MIN,18,26,69,256,10,2,0,126,1,5,5,0,18.74
14,Cam Newton,QB,7,CAR,PHI,14,24,58,197,8,1,3,59,4,20,5,1,16.88
15,Joe Flacco,QB,7,BAL,ARI,26,40,65,252,6,1,1,80,0,0,0,0,15.08
16,Alex Smith,QB,7,KC,PIT,21,32,66,251,8,1,0,100,3,5,2,0,14.54
17,Blake Bortles,QB,7,JAX,BUF,13,29,45,182,6,2,1,74,5,-3,-1,0,13.98
18,Russell Wilson,QB,7,SEA,SF,18,24,75,235,10,1,2,85,7,20,3,0,13.40
19,Drew Brees,QB,7,NO,IND,28,44,64,255,6,1,1,77,4,-4,-1,0,12.80
20,Matt Ryan,QB,7,ATL,TEN,22,38,58,251,7,1,2,65,2,-3,-2,0,11.74
21,Josh McCown,QB,7,CLE,LA,26,32,81,270,8,0,0,102,4,21,5,0,10.90
22,Matt Cassel,QB,7,DAL,NYG,17,27,63,227,8,1,3,62,1,4,4,0,10.48
23,Zach Mettenberger,QB,7,TEN,ATL,22,35,63,187,5,1,2,62,1,0,0,0,9.48
24,Landry Jones,QB,7,PIT,KC,16,29,55,209,7,1,2,61,1,-2,-2,0,9.16
25,Sam Bradford,QB,7,PHI,CAR,26,46,57,205,5,0,1,59,3,6,2,0,7.80
26,Eli Manning,QB,7,NYG,DAL,13,24,54,170,7,0,0,77,4,-4,-1,0,6.40
27,Nick Foles,QB,7,LA,CLE,15,23,65,163,7,0,0,86,2,-2,-1,0,6.32
28,Colin Kaepernick,QB,7,SF,SEA,13,24,54,124,5,0,0,69,0,0,0,0,4.96
29,Johnny Manziel,QB,7,CLE,LA,4,5,80,27,5,0,0,89,1,5,5,0,1.58
30,Luke McCown,QB,7,NO,IND,1,1,100,25,25,0,0,119,0,0,0,0,1.00
31,Matt Moore,QB,7,MIA,HOU,1,1,100,14,14,0,0,119,3,-2,-1,0,0.36
32,BJ Daniels,QB,7,SEA,SF,0,0,0,0,0,0,0,0,0,0,0,0,0.00
33,Joe Webb,QB,7,CAR,PHI,0,0,0,0,0,0,0,0,0,0,0,0,0.00
1,Drew Brees,QB,8,NO,NYG,39,50,78,505,10,7,2,132,1,1,1,0,49.30
2,Eli Manning,QB,8,NYG,NO,30,41,73,350,9,6,0,138,0,0,0,0,41.00
3,Carson Palmer,QB,8,ARI,CLE,23,38,61,374,10,4,1,118,3,6,2,0,33.56
4,Tom Brady,QB,8,NE,MIA,26,38,68,356,9,4,0,133,1,1,1,0,33.34
5,Derek Carr,QB,8,OAK,NYJ,23,36,64,333,9,4,0,131,2,-2,-1,0,32.12
6,Alex Smith,QB,8,KC,DET,18,26,69,145,6,2,0,109,5,78,16,1,27.60
7,Philip Rivers,QB,8,SD,BAL,28,37,76,301,8,3,0,126,1,0,0,0,27.04
8,Joe Flacco,QB,8,BAL,SD,25,37,68,319,9,1,0,103,4,2,1,1,25.96
9,Matt Ryan,QB,8,ATL,TB,37,45,82,397,9,2,1,109,3,2,1,0,25.08
10,Geno Smith,QB,8,NYJ,OAK,27,42,64,265,6,2,1,88,2,34,17,0,21.00
11,Josh McCown,QB,8,CLE,ARI,18,34,53,211,6,3,1,89,5,18,4,0,20.24
12,Cam Newton,QB,8,CAR,IND,16,35,46,248,7,2,1,77,10,41,4,0,20.02
13,Jay Cutler,QB,8,CHI,MIN,22,33,67,211,6,1,0,94,2,11,6,1,19.54
14,Jameis Winston,QB,8,TB,ATL,16,29,55,177,6,1,0,85,3,24,8,1,19.48
15,Andrew Luck,QB,8,IND,CAR,23,47,49,231,5,2,3,51,6,35,6,0,17.74
16,Brian Hoyer,QB,8,HOU,TEN,23,35,66,235,7,2,0,104,1,-1,-1,0,17.30
17,Peyton Manning,QB,8,DEN,GB,21,29,72,340,12,0,1,97,0,0,0,0,15.60
18,Russell Wilson,QB,8,SEA,DAL,19,30,63,210,7,1,1,81,6,32,5,0,14.60
19,Nick Foles,QB,8,LA,SF,14,23,61,191,8,1,0,102,3,-3,-1,0,13.34
20,Ryan Tannehill,QB,8,MIA,NE,28,44,64,300,7,0,2,65,2,-1,-1,0,12.90
21,Teddy Bridgewater,QB,8,MIN,CHI,17,30,57,187,6,1,1,73,2,21,11,0,12.58
22,Andy Dalton,QB,8,CIN,PIT,23,38,61,231,6,1,2,65,6,4,1,0,11.64
23,Ben Roethlisberger,QB,8,PIT,CIN,28,45,62,262,6,1,3,58,0,0,0,0,11.48
24,Matthew Stafford,QB,8,DET,KC,22,36,61,217,6,1,2,64,1,5,5,0,11.18
25,Colin Kaepernick,QB,8,SF,LA,20,41,49,162,4,0,0,59,6,28,5,0,9.28
26,Matt Cassel,QB,8,DAL,SEA,13,25,52,97,4,0,0,62,4,43,11,0,8.18
27,Aaron Rodgers,QB,8,GB,DEN,14,22,64,77,4,0,0,70,2,31,16,0,6.18
28,Zach Mettenberger,QB,8,TEN,HOU,22,31,71,171,6,0,1,71,0,0,0,0,4.84
29,Ryan Fitzpatrick,QB,8,NYJ,OAK,4,5,80,46,9,0,0,105,1,12,12,0,3.04
30,Johnny Manziel,QB,8,CLE,ARI,3,6,50,12,2,0,0,56,1,1,1,0,0.58
31,Dan Orlovsky,QB,8,DET,KC,1,2,50,10,5,0,0,65,0,0,0,0,0.40
32,Chase Daniel,QB,8,KC,DET,2,2,100,4,2,0,0,79,0,0,0,0,0.16
33,Jimmy Garoppolo,QB,8,NE,MIA,0,0,0,0,0,0,0,0,0,0,0,0,0.00
34,Scott Tolzien,QB,8,GB,DEN,0,0,0,0,0,0,0,0,0,0,0,0,0.00
35,Joe Webb,QB,8,CAR,IND,0,0,0,0,0,0,0,0,0,0,0,0,0.00
36,Charlie Whitehurst,QB,8,TEN,HOU,0,0,0,0,0,0,0,0,0,0,0,0,0.00
37,Luke McCown,QB,8,NO,NYG,0,0,0,0,0,0,0,0,0,0,0,0,0.00
1,Aaron Rodgers,QB,9,GB,CAR,25,48,52,369,8,4,1,97,4,22,6,0,36.96
2,Marcus Mariota,QB,9,TEN,NO,28,39,72,371,10,4,0,136,1,5,5,0,36.34
3,Drew Brees,QB,9,NO,TEN,28,39,72,387,10,3,1,118,3,-1,0,1,35.38
4,Cam Newton,QB,9,CAR,GB,15,30,50,297,10,3,1,104,9,57,6,1,34.58
5,Derek Carr,QB,9,OAK,PIT,24,44,55,301,7,4,1,97,2,3,2,0,30.34
6,Blake Bortles,QB,9,JAX,NYJ,24,40,60,381,10,2,2,88,4,32,8,0,26.44
7,Ben Roethlisberger,QB,9,PIT,OAK,24,44,55,334,8,2,1,85,0,0,0,0,25.36
8,Matt Cassel,QB,9,DAL,PHI,25,38,66,299,8,3,1,105,2,17,9,0,24.66
9,Jay Cutler,QB,9,CHI,SD,27,40,68,345,9,2,1,101,3,-2,-1,0,22.60
10,Andy Dalton,QB,9,CIN,CLE,21,27,78,234,9,3,0,140,6,5,1,0,21.86
11,Andrew Luck,QB,9,IND,DEN,21,36,58,252,7,2,0,98,6,34,6,0,21.48
12,Matt Ryan,QB,9,ATL,SF,30,45,67,303,7,1,0,93,1,2,2,0,19.32
13,Ryan Fitzpatrick,QB,9,NYJ,JAX,21,34,62,272,8,2,0,107,4,0,0,0,18.88
14,Tom Brady,QB,9,NE,WAS,26,39,67,299,8,2,1,96,1,-1,-1,0,18.86
15,Jameis Winston,QB,9,TB,NYG,19,36,53,247,7,0,0,75,3,24,8,1,18.28
16,Peyton Manning,QB,9,DEN,IND,21,36,58,281,8,2,2,79,0,0,0,0,17.24
17,Blaine Gabbert,QB,9,SF,ATL,15,25,60,185,7,2,2,76,8,32,4,0,16.60
18,Ryan Tannehill,QB,9,MIA,BUF,27,36,75,309,9,0,0,100,2,3,2,0,16.56
19,Sam Bradford,QB,9,PHI,DAL,25,36,69,295,8,1,0,103,1,-1,-1,0,15.70
20,Tyrod Taylor,QB,9,BUF,MIA,11,12,92,181,15,1,0,147,10,44,4,0,15.64
21,Philip Rivers,QB,9,SD,CHI,26,42,62,280,7,1,0,89,0,0,0,0,15.20
22,Teddy Bridgewater,QB,9,MIN,LA,13,21,62,144,7,0,1,62,3,17,6,1,14.46
23,Eli Manning,QB,9,NYG,TB,26,40,65,213,5,2,2,74,1,-1,-1,0,14.42
24,Johnny Manziel,QB,9,CLE,CIN,15,33,46,168,5,1,0,71,4,31,8,0,13.82
25,Kirk Cousins,QB,9,WAS,NE,22,40,55,217,5,1,1,68,0,0,0,0,11.68
26,Nick Foles,QB,9,LA,MIN,18,33,55,168,5,0,0,69,1,2,2,0,6.92
27,Landry Jones,QB,9,PIT,OAK,4,6,67,79,13,0,0,110,0,0,0,0,3.16
28,Shaun Hill,QB,9,MIN,LA,2,6,33,15,3,0,0,42,1,-1,-1,0,0.50
29,Colin Kaepernick,QB,9,SF,ATL,0,1,0,0,0,0,0,40,0,0,0,0,0.00
30,Joe Webb,QB,9,CAR,GB,0,0,0,0,0,0,0,0,1,-1,-1,0,-0.10
31,Jimmy Garoppolo,QB,9,NE,WAS,0,0,0,0,0,0,0,0,1,-1,-1,0,-0.10
32,AJ McCarron,QB,9,CIN,CLE,0,0,0,0,0,0,0,0,2,-2,-1,0,-0.20
1,Kirk Cousins,QB,10,WAS,NO,20,25,80,324,13,4,0,158,0,0,0,0,31.96
2,Ben Roethlisberger,QB,10,PIT,CLE,22,33,67,379,12,3,1,123,2,-2,-1,0,30.96
3,Joe Flacco,QB,10,BAL,JAX,34,45,76,316,7,3,2,98,2,17,9,0,26.34
4,Carson Palmer,QB,10,ARI,SEA,29,48,60,363,8,3,1,96,3,-2,-1,0,26.32
5,Eli Manning,QB,10,NYG,NE,24,44,55,361,8,2,0,97,1,10,10,0,25.44
6,Aaron Rodgers,QB,10,GB,DET,35,61,57,333,6,2,0,84,2,8,4,0,25.12
7,Jay Cutler,QB,10,CHI,LA,19,24,79,258,11,3,0,151,3,24,8,0,24.72
8,Tom Brady,QB,10,NE,NYG,26,42,62,334,8,2,1,93,2,9,5,0,23.26
9,Derek Carr,QB,10,OAK,MIN,29,43,67,302,7,2,2,84,2,12,6,0,22.28
10,Johnny Manziel,QB,10,CLE,PIT,33,45,73,372,8,1,1,96,3,17,6,0,21.58
11,Cam Newton,QB,10,CAR,TEN,21,26,81,217,8,1,0,114,9,23,3,1,20.98
12,Russell Wilson,QB,10,SEA,ARI,14,32,44,240,8,1,1,67,6,52,9,0,17.80
13,Blake Bortles,QB,10,JAX,BAL,22,45,49,188,4,2,1,66,2,25,13,0,17.02
14,Matthew Stafford,QB,10,DET,GB,24,38,63,242,6,2,1,88,2,1,1,0,16.78
15,Ryan Fitzpatrick,QB,10,NYJ,BUF,15,34,44,193,6,2,2,58,3,30,10,0,16.72
16,Ryan Tannehill,QB,10,MIA,PHI,21,36,58,217,6,2,0,94,2,-2,-1,0,16.48
17,Alex Smith,QB,10,KC,DEN,17,31,55,204,7,1,0,86,6,33,6,0,15.46
18,Jameis Winston,QB,10,TB,DAL,22,39,56,264,7,0,2,56,3,3,1,1,14.86
19,Drew Brees,QB,10,NO,WAS,19,28,68,209,8,2,2,84,0,0,0,0,14.36
20,Sam Bradford,QB,10,PHI,MIA,19,25,76,236,9,1,0,118,1,0,0,0,13.44
21,Teddy Bridgewater,QB,10,MIN,OAK,14,22,64,140,6,1,0,97,2,23,12,0,11.90
22,Tyrod Taylor,QB,10,BUF,NYJ,17,27,63,158,6,1,0,91,6,12,2,0,11.52
23,Brock Osweiler,QB,10,DEN,KC,14,24,58,146,6,1,1,73,3,18,6,0,10.64
24,Andy Dalton,QB,10,CIN,HOU,22,38,58,197,5,0,1,61,4,31,8,0,9.98
25,Marcus Mariota,QB,10,TEN,CAR,16,24,67,185,8,0,1,72,5,24,5,0,8.80
26,Nick Foles,QB,10,LA,CHI,17,36,47,200,6,0,1,53,0,0,0,0,7.00
27,Matt Cassel,QB,10,DAL,TB,19,29,66,186,6,0,1,69,1,2,2,0,6.64
28,TJ Yates,QB,10,HOU,CIN,5,11,46,69,6,1,0,96,2,-2,-1,0,6.56
29,Mark Sanchez,QB,10,PHI,MIA,14,23,61,156,7,0,1,63,2,4,2,0,5.64
30,Brian Hoyer,QB,10,HOU,CIN,12,22,55,123,6,0,1,52,1,15,15,0,5.42
31,Landry Jones,QB,10,PIT,CLE,3,4,75,23,6,0,0,89,0,0,0,0,0.92
32,Case Keenum,QB,10,LA,CHI,0,0,0,0,0,0,0,0,0,0,0,0,0.00
33,Colt McCoy,QB,10,WAS,NO,0,0,0,0,0,0,0,0,0,0,0,0,0.00
34,Joe Webb,QB,10,CAR,TEN,0,0,0,0,0,0,0,0,0,0,0,0,0.00
35,Peyton Manning,QB,10,DEN,KC,5,20,25,35,2,0,4,0,0,0,0,0,-2.60
1,Cam Newton,QB,11,CAR,WAS,21,34,62,246,7,5,0,123,4,16,4,0,31.44
2,Jameis Winston,QB,11,TB,PHI,19,29,66,246,9,5,0,132,4,0,0,0,29.84
3,Carson Palmer,QB,11,ARI,CIN,20,31,65,317,10,4,2,111,1,-1,-1,0,29.58
4,Andy Dalton,QB,11,CIN,ARI,22,39,56,315,8,2,0,100,8,34,4,0,26.00
5,Russell Wilson,QB,11,SEA,SF,24,29,83,260,9,3,0,139,9,30,3,0,25.40
6,Matt Ryan,QB,11,ATL,IND,25,46,54,280,6,3,3,67,2,7,4,0,20.90
7,Matthew Stafford,QB,11,DET,OAK,22,35,63,282,8,0,0,88,6,31,5,1,20.38
8,Teddy Bridgewater,QB,11,MIN,GB,25,37,68,296,8,1,0,101,4,43,11,0,20.14
9,Aaron Rodgers,QB,11,GB,MIN,16,34,47,212,6,2,0,87,3,6,2,0,19.08
10,Brock Osweiler,QB,11,DEN,CHI,20,27,74,250,9,2,0,127,2,4,2,0,18.40
11,Marcus Mariota,QB,11,TEN,JAX,22,35,63,231,7,0,0,82,5,29,6,1,18.14
12,Ryan Fitzpatrick,QB,11,NYJ,HOU,19,39,49,216,6,1,2,53,5,12,2,1,17.84
13,Mark Sanchez,QB,11,PHI,TB,26,41,63,261,6,2,3,67,2,14,7,0,16.84
14,Blaine Gabbert,QB,11,SF,SEA,22,34,65,264,8,1,0,98,4,22,6,0,16.76
15,Ryan Tannehill,QB,11,MIA,DAL,13,24,54,188,8,2,1,90,3,13,4,0,15.82
16,TJ Yates,QB,11,HOU,NYJ,16,34,47,229,7,2,0,89,3,-5,-2,0,15.66
17,Matt Hasselbeck,QB,11,IND,ATL,23,32,72,213,7,2,2,85,3,8,3,0,15.32
18,Tony Romo,QB,11,DAL,MIA,18,28,64,227,8,2,2,83,2,2,1,0,15.28
19,Tom Brady,QB,11,NE,BUF,20,39,51,277,7,1,1,72,0,0,0,0,14.08
20,Joe Flacco,QB,11,BAL,LA,27,44,61,299,7,1,2,70,0,0,0,0,13.96
21,Alex Smith,QB,11,KC,SD,20,25,80,253,10,0,0,109,7,33,5,0,13.42
22,Blake Bortles,QB,11,JAX,TEN,21,30,70,242,8,1,1,91,2,9,5,0,12.58
23,Jay Cutler,QB,11,CHI,DEN,18,32,56,265,8,0,1,70,3,29,10,0,11.50
24,Kirk Cousins,QB,11,WAS,CAR,22,30,73,207,7,1,1,89,1,4,4,0,9.68
25,Tyrod Taylor,QB,11,BUF,NE,20,36,56,233,7,0,0,75,4,1,0,0,9.42
26,Derek Carr,QB,11,OAK,DET,13,25,52,169,7,0,0,74,1,8,8,0,7.56
27,Case Keenum,QB,11,LA,BAL,12,26,46,136,5,1,0,75,2,0,0,0,7.44
28,Philip Rivers,QB,11,SD,KC,19,30,63,178,6,0,1,66,4,8,2,0,6.92
29,Derek Anderson,QB,11,CAR,WAS,0,0,0,0,0,0,0,0,2,2,1,0,0.20
30,Joe Webb,QB,11,CAR,WAS,0,0,0,0,0,0,0,0,0,0,0,0,0.00
31,Shaun Hill,QB,11,MIN,GB,0,1,0,0,0,0,0,40,0,0,0,0,0.00
1,Russell Wilson,QB,12,SEA,PIT,21,30,70,345,12,5,0,148,4,14,4,0,38.20
2,Matthew Stafford,QB,12,DET,PHI,27,38,71,337,9,5,0,138,2,13,7,0,37.78
3,Philip Rivers,QB,12,SD,JAX,29,43,67,300,7,4,0,118,5,9,2,0,31.90
4,Ryan Fitzpatrick,QB,12,NYJ,MIA,22,37,60,277,8,4,0,119,5,21,4,0,29.18
5,Derek Carr,QB,12,OAK,TEN,24,37,65,330,9,3,0,120,4,5,1,0,27.70
6,Tyrod Taylor,QB,12,BUF,KC,21,38,55,291,8,3,0,106,5,46,9,0,27.24
7,Ryan Tannehill,QB,12,MIA,NYJ,33,58,57,351,6,3,1,85,0,0,0,0,27.04
8,Ben Roethlisberger,QB,12,PIT,SEA,36,55,66,456,8,1,2,82,5,18,4,0,27.04
9,Blake Bortles,QB,12,JAX,SD,30,49,61,329,7,2,1,86,6,33,6,0,26.46
10,Kirk Cousins,QB,12,WAS,NYG,20,29,69,302,10,1,0,114,4,1,0,1,25.18
11,Matt Hasselbeck,QB,12,IND,TB,26,42,62,315,8,2,0,101,3,-3,-1,0,23.30
12,Tom Brady,QB,12,NE,DEN,23,42,55,280,7,3,0,99,0,0,0,0,23.20
13,Alex Smith,QB,12,KC,BUF,19,30,63,255,9,2,0,113,6,35,6,0,21.70
14,Marcus Mariota,QB,12,TEN,OAK,17,37,46,218,6,3,2,69,1,7,7,0,21.42
15,Eli Manning,QB,12,NYG,WAS,26,51,51,321,6,2,3,59,0,0,0,0,20.84
16,Andy Dalton,QB,12,CIN,LA,20,27,74,233,9,3,1,121,2,4,2,0,20.72
17,Blaine Gabbert,QB,12,SF,ARI,25,36,69,318,9,1,1,94,1,11,11,0,19.82
18,Cam Newton,QB,12,CAR,DAL,16,27,59,183,7,0,0,80,12,45,4,1,17.82
19,Carson Palmer,QB,12,ARI,SF,24,40,60,271,7,0,0,80,3,6,2,1,17.44
20,Matt Schaub,QB,12,BAL,CLE,20,34,59,232,7,2,2,75,3,10,3,0,16.28
21,Jameis Winston,QB,12,TB,IND,20,36,56,245,7,1,1,74,3,27,9,0,15.50
22,Mark Sanchez,QB,12,PHI,DET,19,27,70,199,7,2,0,116,2,4,2,0,15.36
23,Brian Hoyer,QB,12,HOU,NO,21,27,78,205,8,2,1,108,3,-3,-1,0,14.90
24,Aaron Rodgers,QB,12,GB,CHI,22,43,51,202,5,1,1,62,4,33,8,0,14.38
25,Brock Osweiler,QB,12,DEN,NE,23,42,55,270,6,1,1,73,2,4,2,0,14.20
26,Josh McCown,QB,12,CLE,BAL,21,38,55,212,6,1,0,80,2,12,6,0,13.68
27,Jay Cutler,QB,12,CHI,GB,19,31,61,200,7,1,0,91,4,9,2,0,12.90
28,Matt Ryan,QB,12,ATL,MIN,22,31,71,230,7,1,2,76,1,-1,-1,0,11.10
29,Matt Cassel,QB,12,DAL,CAR,13,19,68,93,5,1,0,97,2,9,5,0,10.62
30,Drew Brees,QB,12,NO,HOU,25,44,57,228,5,0,1,62,0,0,0,0,8.12
31,Austin Davis,QB,12,CLE,BAL,7,10,70,77,8,1,0,126,1,7,7,0,7.78
32,Nick Foles,QB,12,LA,CIN,30,46,65,228,5,0,3,50,1,2,2,0,6.32
33,Teddy Bridgewater,QB,12,MIN,ATL,20,28,71,174,6,0,1,73,4,-3,-1,0,5.66
34,Sean Mannion,QB,12,LA,CIN,6,7,86,31,4,0,0,85,0,0,0,0,1.24
35,Tony Romo,QB,12,DAL,CAR,11,21,52,106,5,0,3,27,0,0,0,0,1.24
36,AJ McCarron,QB,12,CIN,LA,1,1,100,3,3,0,0,79,0,0,0,0,0.12
37,Drew Stanton,QB,12,ARI,SF,0,0,0,0,0,0,0,0,0,0,0,0,0.00
38,Joe Webb,QB,12,CAR,DAL,0,0,0,0,0,0,0,0,0,0,0,0,0.00
39,BJ Daniels,QB,12,SEA,PIT,0,0,0,0,0,0,0,0,0,0,0,0,0.00
40,Matt McGloin,QB,12,OAK,TEN,0,1,0,0,0,0,0,40,0,0,0,0,0.00
41,Landry Jones,QB,12,PIT,SEA,1,4,25,34,9,0,2,23,0,0,0,0,-0.64
1,Marcus Mariota,QB,13,TEN,JAX,20,29,69,268,9,3,1,118,9,112,12,1,40.92
2,Cam Newton,QB,13,CAR,NO,28,41,68,331,8,5,1,122,10,49,5,0,40.14
3,Tom Brady,QB,13,NE,PHI,29,56,52,312,6,3,2,71,6,17,3,1,37.78
4,Ben Roethlisberger,QB,13,PIT,IND,24,39,62,364,9,4,0,126,1,13,13,0,36.86
5,Blake Bortles,QB,13,JAX,TEN,24,36,67,322,9,5,0,134,2,-1,-1,0,35.78
6,Russell Wilson,QB,13,SEA,MIN,21,27,78,274,10,3,0,146,9,51,6,1,34.06
7,Tyrod Taylor,QB,13,BUF,HOU,11,21,52,211,10,3,0,127,7,28,4,1,29.24
8,Ryan Fitzpatrick,QB,13,NYJ,NYG,36,50,72,390,8,2,0,108,5,22,4,0,28.80
9,Aaron Rodgers,QB,13,GB,DET,24,36,67,273,8,2,1,96,4,27,7,1,26.62
10,Blaine Gabbert,QB,13,SF,CHI,18,32,56,196,6,1,0,85,6,75,13,1,25.34
11,Carson Palmer,QB,13,ARI,LA,26,40,65,356,9,2,0,110,0,0,0,0,25.24
12,Alex Smith,QB,13,KC,OAK,16,22,73,162,7,2,0,124,5,23,5,1,24.78
13,Brian Hoyer,QB,13,HOU,BUF,26,43,61,293,7,3,1,94,3,15,5,0,24.22
14,Andy Dalton,QB,13,CIN,CLE,14,19,74,220,12,2,0,147,4,11,3,1,23.90
15,Drew Brees,QB,13,NO,CAR,24,42,57,282,7,3,1,92,1,12,12,0,23.48
16,Jameis Winston,QB,13,TB,ATL,18,27,67,227,8,1,1,90,5,15,3,1,19.58
17,Matthew Stafford,QB,13,DET,GB,23,35,66,220,6,2,0,102,2,22,11,0,18.00
18,Matt Schaub,QB,13,BAL,MIA,32,46,70,308,7,1,2,77,1,0,0,0,17.32
19,Derek Carr,QB,13,OAK,KC,31,48,65,283,6,2,3,68,0,0,0,0,16.32
20,Eli Manning,QB,13,NYG,NYJ,18,34,53,297,9,1,1,80,1,2,2,0,15.08
21,Matt Ryan,QB,13,ATL,TB,30,45,67,269,6,1,1,81,1,4,4,0,14.16
22,Kirk Cousins,QB,13,WAS,DAL,22,31,71,219,7,1,0,101,1,6,6,0,13.36
23,Sam Bradford,QB,13,PHI,NE,14,24,58,120,5,2,0,99,1,-1,-1,0,12.70
24,Brock Osweiler,QB,13,DEN,SD,16,26,62,166,6,1,1,77,3,1,0,0,9.74
25,Matt Cassel,QB,13,DAL,WAS,16,29,55,223,8,0,0,80,2,-3,-2,0,8.62
26,Ryan Tannehill,QB,13,MIA,BAL,9,19,47,86,5,1,0,78,1,11,11,0,8.54
27,Jay Cutler,QB,13,CHI,SF,18,31,58,202,7,0,1,64,4,10,3,0,8.08
28,Matt Hasselbeck,QB,13,IND,PIT,16,26,62,169,7,1,2,61,2,1,1,0,7.86
29,Austin Davis,QB,13,CLE,CIN,25,38,66,230,6,0,1,71,3,4,1,0,7.60
30,Philip Rivers,QB,13,SD,DEN,18,35,51,202,6,0,1,57,0,0,0,0,7.08
31,Nick Foles,QB,13,LA,ARI,15,35,43,146,4,0,1,43,2,-2,-1,0,4.64
32,Teddy Bridgewater,QB,13,MIN,SEA,17,28,61,118,4,0,1,55,1,2,2,0,3.92
33,Charlie Whitehurst,QB,13,IND,PIT,4,8,50,51,6,0,0,70,0,0,0,0,2.04
34,BJ Daniels,QB,13,SEA,MIN,0,0,0,0,0,0,0,0,0,0,0,0,1.60
35,AJ McCarron,QB,13,CIN,CLE,2,3,67,19,6,0,0,84,0,0,0,0,0.76
36,Joe Webb,QB,13,CAR,NO,0,0,0,0,0,0,0,0,0,0,0,0,0.00
37,Drew Stanton,QB,13,ARI,LA,1,1,100,6,6,0,0,92,3,-3,-1,0,-0.06
38,Landry Jones,QB,13,PIT,IND,0,0,0,0,0,0,0,0,1,-1,-1,0,-0.10
39,Tarvaris Jackson,QB,13,SEA,MIN,0,1,0,0,0,0,0,40,2,-2,-1,0,-0.20
1,Russell Wilson,QB,14,SEA,BAL,23,32,72,292,9,5,0,140,1,6,6,0,32.28
2,Eli Manning,QB,14,NYG,MIA,27,31,87,337,11,4,0,152,3,-2,-1,0,31.28
3,Blake Bortles,QB,14,JAX,IND,16,30,53,250,8,3,0,115,4,17,4,1,27.70
4,Kirk Cousins,QB,14,WAS,CHI,24,31,77,300,10,1,1,104,4,13,3,1,25.30
5,Ryan Fitzpatrick,QB,14,NYJ,TEN,21,36,58,263,7,3,0,109,3,23,8,0,24.82
6,Carson Palmer,QB,14,ARI,MIN,25,35,71,310,9,2,0,118,3,3,1,0,23.70
7,Drew Brees,QB,14,NO,TB,31,41,76,312,8,2,0,113,3,0,0,0,23.48
8,Marcus Mariota,QB,14,TEN,NYJ,21,39,54,274,7,0,1,66,3,3,1,0,23.36
9,Jay Cutler,QB,14,CHI,WAS,19,31,61,315,10,2,0,117,1,5,5,0,23.10
10,Cam Newton,QB,14,CAR,ATL,15,21,71,265,13,3,0,153,3,4,1,0,23.00
11,Teddy Bridgewater,QB,14,MIN,ARI,25,36,69,335,9,1,0,108,1,3,3,0,19.70
12,Aaron Rodgers,QB,14,GB,DAL,22,35,63,218,6,2,0,99,3,27,9,0,19.42
13,Tyrod Taylor,QB,14,BUF,PHI,19,36,53,268,7,1,1,75,8,53,7,0,19.02
14,Tom Brady,QB,14,NE,HOU,22,30,73,226,8,2,0,117,4,10,3,0,18.04
15,AJ McCarron,QB,14,CIN,PIT,22,32,69,280,9,2,2,91,3,8,3,0,18.00
16,Matthew Stafford,QB,14,DET,LA,30,46,65,245,5,2,1,84,2,5,3,0,17.30
17,Brock Osweiler,QB,14,DEN,OAK,35,51,69,308,6,0,0,84,3,10,3,0,16.32
18,Ryan Tannehill,QB,14,MIA,NYG,25,41,61,236,6,1,0,85,4,24,6,0,15.84
19,Johnny Manziel,QB,14,CLE,SF,21,31,68,270,9,1,1,92,7,15,2,0,15.30
20,Alex Smith,QB,14,KC,SD,15,23,65,191,8,1,1,87,5,40,8,0,14.64
21,Jameis Winston,QB,14,TB,NO,18,32,56,182,6,1,0,83,3,24,8,0,13.68
22,Blaine Gabbert,QB,14,SF,CLE,18,28,64,194,7,1,0,96,3,19,6,0,13.66
23,Sam Bradford,QB,14,PHI,BUF,23,38,61,247,7,1,1,77,3,3,1,0,13.18
24,Derek Carr,QB,14,OAK,DEN,12,29,41,135,5,2,0,79,4,-4,-1,0,13.00
25,Ben Roethlisberger,QB,14,PIT,CIN,30,39,77,282,7,0,1,86,1,6,6,0,10.88
26,Matt Hasselbeck,QB,14,IND,JAX,18,35,51,252,7,0,0,75,1,10,10,0,10.08
27,Philip Rivers,QB,14,SD,KC,24,43,56,263,6,0,1,64,1,4,4,0,9.92
28,Jimmy Clausen,QB,14,BAL,SEA,23,40,58,274,7,0,1,68,1,-2,-2,0,9.76
29,Matt Ryan,QB,14,ATL,CAR,22,34,65,224,7,0,1,71,1,-1,-1,0,6.86
30,Brian Hoyer,QB,14,HOU,NE,11,22,50,155,7,0,0,73,1,-1,-1,0,5.10
31,Case Keenum,QB,14,LA,DET,14,22,64,124,6,0,1,60,2,2,1,0,4.16
32,Matt Cassel,QB,14,DAL,GB,13,29,45,114,4,0,1,41,3,6,2,0,4.16
33,Andy Dalton,QB,14,CIN,PIT,3,5,60,59,12,0,1,62,0,0,0,0,1.36
34,Derek Anderson,QB,14,CAR,ATL,4,6,67,36,6,0,0,83,3,-2,-1,0,1.24
35,TJ Yates,QB,14,HOU,NE,1,2,50,4,2,0,0,56,0,0,0,0,0.16
36,Tarvaris Jackson,QB,14,SEA,BAL,1,1,100,9,9,0,0,104,3,-3,-1,0,0.06
37,Joe Webb,QB,14,CAR,ATL,0,0,0,0,0,0,0,0,0,0,0,0,0.00
38,EJ Manuel,QB,14,BUF,PHI,0,0,0,0,0,0,0,0,0,0,0,0,0.00
39,Landry Jones,QB,14,PIT,CIN,0,0,0,0,0,0,0,0,2,-1,-1,0,-0.10
40,Scott Tolzien,QB,14,GB,DAL,0,0,0,0,0,0,0,0,2,-3,-2,0,-0.30
41,Charlie Whitehurst,QB,14,IND,JAX,2,8,25,8,1,0,1,0,1,2,2,0,-0.48
42,Sean Renfree,QB,14,ATL,CAR,3,7,43,11,2,0,1,11,0,0,0,0,-0.56
1,Cam Newton,QB,15,CAR,NYG,25,45,56,340,8,5,0,117,8,100,13,0,48.60
2,Kirk Cousins,QB,15,WAS,BUF,22,28,79,319,11,4,0,154,3,11,4,1,38.86
3,Teddy Bridgewater,QB,15,MIN,CHI,17,20,85,231,12,4,0,154,4,17,4,1,32.94
4,Brock Osweiler,QB,15,DEN,PIT,21,44,48,296,7,3,1,83,5,19,4,1,30.74
5,Drew Brees,QB,15,NO,DET,34,52,65,341,7,3,0,103,1,11,11,0,29.74
6,Ben Roethlisberger,QB,15,PIT,DEN,40,55,73,380,7,3,2,95,3,-3,-1,0,27.90
7,Tyrod Taylor,QB,15,BUF,WAS,16,27,59,235,9,2,0,112,9,79,9,0,27.30
8,Russell Wilson,QB,15,SEA,CLE,21,30,70,249,8,3,0,128,5,46,9,0,26.56
9,Philip Rivers,QB,15,SD,MIA,26,36,72,311,9,3,2,103,0,0,0,0,25.44
10,Blake Bortles,QB,15,JAX,ATL,23,38,61,297,8,1,1,83,6,44,7,1,25.28
11,Eli Manning,QB,15,NYG,CAR,29,46,63,245,5,4,1,97,1,4,4,0,25.20
12,Jameis Winston,QB,15,TB,LA,29,50,58,363,7,2,1,86,2,5,3,0,24.02
13,Sam Bradford,QB,15,PHI,ARI,28,41,68,361,9,2,2,92,1,4,4,0,22.84
14,Matthew Stafford,QB,15,DET,NO,22,25,88,254,10,3,0,149,4,-1,0,0,22.06
15,Derek Carr,QB,15,OAK,GB,23,47,49,276,6,2,2,64,4,42,11,0,21.24
16,Jimmy Clausen,QB,15,BAL,KC,26,45,58,281,6,2,2,73,5,30,6,0,20.24
17,Tom Brady,QB,15,NE,TEN,23,35,66,267,8,2,0,108,0,0,0,0,18.68
18,Case Keenum,QB,15,LA,TB,14,17,82,234,14,2,0,158,3,-3,-1,0,17.06
19,Ryan Fitzpatrick,QB,15,NYJ,DAL,26,39,67,299,8,1,1,87,5,13,3,0,16.26
20,Zach Mettenberger,QB,15,TEN,NE,20,28,71,242,9,2,2,92,2,5,3,0,16.18
21,Jay Cutler,QB,15,CHI,MIN,26,37,70,231,6,2,1,93,1,1,1,0,15.34
22,Ryan Tannehill,QB,15,MIA,SD,20,34,59,216,6,0,0,78,3,4,1,1,15.04
23,Carson Palmer,QB,15,ARI,PHI,20,32,63,274,9,1,0,100,0,0,0,0,14.96
24,Blaine Gabbert,QB,15,SF,CIN,30,50,60,295,6,1,3,58,2,10,5,0,13.80
25,Matt Ryan,QB,15,ATL,JAX,22,35,63,246,7,1,1,81,3,0,0,0,12.84
26,Alex Smith,QB,15,KC,BAL,21,25,84,171,7,1,0,109,4,17,4,0,12.54
27,AJ McCarron,QB,15,CIN,SF,15,21,71,192,9,1,0,116,2,2,1,0,11.88
28,Johnny Manziel,QB,15,CLE,SEA,19,32,59,161,5,1,1,70,2,17,9,0,11.14
29,Aaron Rodgers,QB,15,GB,OAK,22,39,56,204,5,1,1,69,1,-1,-1,0,11.06
30,Matt Hasselbeck,QB,15,IND,HOU,17,30,57,147,5,1,1,67,1,1,1,0,8.98
31,Brandon Weeden,QB,15,HOU,IND,11,18,61,105,6,1,0,96,5,6,1,0,8.80
32,Kellen Moore,QB,15,DAL,NYJ,15,25,60,158,6,1,3,52,0,0,0,0,7.32
33,TJ Yates,QB,15,HOU,IND,6,10,60,68,7,0,1,41,1,7,7,0,2.42
34,EJ Manuel,QB,15,BUF,WAS,0,0,0,0,0,0,0,0,2,6,3,0,0.60
35,Charlie Whitehurst,QB,15,IND,HOU,1,2,50,13,7,0,0,71,0,0,0,0,0.52
36,Matt Cassel,QB,15,DAL,NYJ,3,8,38,37,5,0,1,13,0,0,0,0,0.48
37,Marcus Mariota,QB,15,TEN,NE,3,6,50,32,5,0,0,66,0,0,0,0,0.28
38,Joe Webb,QB,15,CAR,NYG,0,0,0,0,0,0,0,0,0,0,0,0,0.00
39,Mark Sanchez,QB,15,PHI,ARI,0,0,0,0,0,0,0,0,0,0,0,0,0.00
40,Kellen Clemens,QB,15,SD,MIA,0,0,0,0,0,0,0,0,1,-1,-1,0,-0.10
41,Tarvaris Jackson,QB,15,SEA,CLE,0,0,0,0,0,0,0,0,1,-1,-1,0,-0.10
42,Trevor Siemian,QB,15,DEN,PIT,0,0,0,0,0,0,0,0,1,-1,-1,0,-0.10
43,Chase Daniel,QB,15,KC,BAL,0,0,0,0,0,0,0,0,2,-2,-1,0,-0.20
44,Drew Stanton,QB,15,ARI,PHI,0,1,0,0,0,0,0,40,2,-2,-1,0,-0.20
1,Kirk Cousins,QB,16,WAS,PHI,31,46,67,365,8,4,0,120,5,-4,-1,0,35.20
2,Blake Bortles,QB,16,JAX,NO,27,35,77,368,11,4,2,124,3,5,2,0,34.22
3,Drew Brees,QB,16,NO,JAX,25,36,69,412,11,3,0,135,3,-3,-1,0,31.18
4,Ryan Fitzpatrick,QB,16,NYJ,NE,26,41,63,296,7,3,0,109,2,13,7,0,24.14
5,Matthew Stafford,QB,16,DET,SF,29,37,78,301,8,2,0,119,5,11,2,0,24.14
6,Brandon Weeden,QB,16,HOU,TEN,15,24,63,200,8,2,0,117,2,11,6,1,22.10
7,Sam Bradford,QB,16,PHI,WAS,37,56,66,380,7,1,0,91,2,4,2,0,21.60
8,Russell Wilson,QB,16,SEA,LA,25,41,61,289,7,2,1,88,6,38,6,0,21.36
9,Jameis Winston,QB,16,TB,CHI,15,29,52,295,10,2,1,96,4,10,3,0,19.80
10,Matt Ryan,QB,16,ATL,CAR,23,30,77,306,10,1,0,120,6,1,0,0,18.34
11,Johnny Manziel,QB,16,CLE,KC,13,32,41,136,4,0,1,41,11,108,10,0,18.24
12,Ryan Tannehill,QB,16,MIA,IND,26,38,68,329,9,0,1,84,1,28,28,0,17.96
13,Carson Palmer,QB,16,ARI,GB,18,27,67,265,10,2,1,108,0,0,0,0,17.60
14,Alex Smith,QB,16,KC,CLE,15,22,68,125,6,2,1,94,6,54,9,0,17.40
15,Blaine Gabbert,QB,16,SF,DET,22,33,67,225,7,2,0,106,1,9,9,0,16.90
16,Brock Osweiler,QB,16,DEN,CIN,27,39,69,299,8,1,0,100,3,5,2,0,16.46
17,Derek Carr,QB,16,OAK,SD,23,38,61,204,5,1,1,73,4,30,8,0,16.16
18,Cam Newton,QB,16,CAR,ATL,17,30,57,142,5,0,0,69,7,46,7,1,15.28
19,Philip Rivers,QB,16,SD,OAK,31,49,63,277,6,1,0,85,0,0,0,0,15.08
20,Ryan Mallett,QB,16,BAL,PIT,28,41,68,274,7,1,0,95,0,0,0,0,14.96
21,AJ McCarron,QB,16,CIN,DEN,22,35,63,200,6,1,0,88,4,21,5,0,13.10
22,Tyrod Taylor,QB,16,BUF,DAL,13,18,72,179,10,0,1,81,14,67,5,0,12.86
23,Jay Cutler,QB,16,CHI,TB,20,27,74,156,6,1,0,100,2,21,11,0,12.34
24,Tom Brady,QB,16,NE,NYJ,22,31,71,231,8,1,1,90,1,-1,-1,0,12.14
25,Teddy Bridgewater,QB,16,MIN,NYG,15,25,60,168,7,1,0,93,2,12,6,0,11.92
26,Zach Mettenberger,QB,16,TEN,HOU,27,51,53,234,5,1,1,64,0,0,0,0,11.36
27,Aaron Rodgers,QB,16,GB,ARI,15,28,54,151,5,1,1,66,3,19,6,0,10.94
28,Eli Manning,QB,16,NYG,MIN,15,29,52,234,8,1,3,51,1,0,0,0,10.36
29,Case Keenum,QB,16,LA,SEA,14,23,61,103,5,1,0,86,4,4,1,0,8.52
30,Ryan Nassib,QB,16,NYG,MIN,5,5,100,68,14,1,0,158,0,0,0,0,6.72
31,Ben Roethlisberger,QB,16,PIT,BAL,24,34,71,220,7,0,2,63,0,0,0,0,6.50
32,Kellen Moore,QB,16,DAL,BUF,13,31,42,186,6,0,1,49,1,-1,-1,0,6.34
33,Matt Hasselbeck,QB,16,IND,MIA,8,15,53,99,7,0,0,74,0,0,0,0,3.96
34,Charlie Whitehurst,QB,16,IND,MIA,9,14,64,78,6,0,0,79,1,-1,-1,0,3.02
35,BJ Daniels,QB,16,HOU,TEN,1,2,50,7,4,0,0,58,6,6,1,0,0.88
36,Scott Tolzien,QB,16,GB,ARI,1,1,100,4,4,0,0,83,1,0,0,0,0.16
37,Joe Webb,QB,16,CAR,ATL,0,0,0,0,0,0,0,0,0,0,0,0,0.00
38,Drew Stanton,QB,16,ARI,GB,1,1,100,4,4,0,0,83,2,-2,-1,0,-0.04
39,Shaun Hill,QB,16,MIN,NYG,0,0,0,0,0,0,0,0,3,-4,-1,0,-0.40
1,Cam Newton,QB,17,CAR,TB,21,26,81,293,11,2,0,139,6,10,2,2,32.72
2,Kellen Moore,QB,17,DAL,WAS,33,48,69,435,9,3,2,101,1,0,0,0,29.40
3,Ben Roethlisberger,QB,17,PIT,CLE,24,36,67,349,10,3,2,103,2,-2,-1,0,28.76
4,Ryan Tannehill,QB,17,MIA,NE,25,38,66,350,9,2,0,113,3,17,6,0,26.70
5,Matthew Stafford,QB,17,DET,CHI,28,39,72,298,8,3,0,119,6,10,2,0,24.92
6,Matt Ryan,QB,17,ATL,NO,24,36,67,334,9,2,1,103,1,0,0,0,23.36
7,Sam Bradford,QB,17,PHI,NYG,30,38,79,320,8,2,1,108,2,-2,-1,0,22.60
8,Eli Manning,QB,17,NYG,PHI,24,43,56,302,7,2,0,93,0,0,0,0,22.08
9,Jameis Winston,QB,17,TB,CAR,29,47,62,325,7,0,2,65,3,14,5,1,21.40
10,Russell Wilson,QB,17,SEA,ARI,19,28,68,197,7,3,0,124,5,13,3,0,21.18
11,Blaine Gabbert,QB,17,SF,LA,28,44,64,354,8,1,1,87,7,7,1,0,20.86
12,Drew Brees,QB,17,NO,ATL,32,42,76,323,8,1,0,106,3,-5,-2,0,19.42
13,Kirk Cousins,QB,17,WAS,DAL,12,15,80,176,12,3,0,155,0,0,0,0,19.04
14,Tyrod Taylor,QB,17,BUF,NYJ,18,28,64,182,7,0,0,83,10,51,5,1,18.38
15,Alex Smith,QB,17,KC,OAK,14,24,58,156,7,2,2,71,9,61,7,0,18.34
16,Philip Rivers,QB,17,SD,DEN,21,35,60,228,7,2,1,86,2,5,3,0,16.62
17,Jay Cutler,QB,17,CHI,DET,17,23,74,245,11,2,3,97,1,11,11,0,15.90
18,Aaron Rodgers,QB,17,GB,MIN,28,44,64,291,7,1,1,81,3,12,4,0,14.84
19,AJ McCarron,QB,17,CIN,BAL,17,27,63,160,6,2,0,104,3,2,1,0,14.60
20,Ryan Mallett,QB,17,BAL,CIN,30,56,54,292,5,1,2,60,1,4,4,0,14.08
21,Ryan Fitzpatrick,QB,17,NYJ,BUF,16,37,43,181,5,2,3,43,2,12,6,0,13.44
22,Brian Hoyer,QB,17,HOU,JAX,25,40,63,249,6,1,1,78,0,0,0,0,12.96
23,Derek Carr,QB,17,OAK,KC,21,33,64,194,6,1,1,77,2,12,6,0,11.96
24,Josh Freeman,QB,17,IND,TEN,15,28,54,149,5,1,1,66,8,24,3,0,11.36
25,Brock Osweiler,QB,17,DEN,SD,14,22,64,232,11,1,2,76,0,0,0,0,10.28
26,Case Keenum,QB,17,LA,SF,22,37,60,231,6,0,0,78,1,2,2,0,9.44
27,Colt McCoy,QB,17,WAS,DAL,7,11,64,128,12,1,0,134,3,-3,-1,0,8.82
28,Austin Davis,QB,17,CLE,PIT,24,46,52,240,5,0,2,49,3,22,7,0,8.80
29,Carson Palmer,QB,17,ARI,SEA,12,25,48,129,5,1,1,60,0,0,0,0,8.16
30,Alex Tanney,QB,17,TEN,IND,10,14,71,99,7,1,0,115,0,0,0,0,7.96
31,Zach Mettenberger,QB,17,TEN,IND,5,13,39,38,3,0,1,15,2,4,2,1,6.92
32,Blake Bortles,QB,17,JAX,HOU,17,32,53,239,8,0,2,51,0,0,0,0,6.56
33,Ryan Lindley,QB,17,IND,TEN,6,10,60,58,6,1,0,110,0,0,0,0,6.32
34,Tom Brady,QB,17,NE,MIA,12,21,57,134,6,0,0,76,1,-1,-1,0,5.26
35,Teddy Bridgewater,QB,17,MIN,GB,10,19,53,99,5,0,1,46,2,2,1,0,3.16
36,Peyton Manning,QB,17,DEN,SD,5,9,56,69,8,0,0,80,2,-2,-1,0,2.56
37,Drew Stanton,QB,17,ARI,SEA,8,18,44,84,5,0,2,19,0,0,0,0,1.36
38,Tarvaris Jackson,QB,17,SEA,ARI,3,4,75,28,7,0,0,94,2,-2,-1,0,0.92
39,Jimmy Garoppolo,QB,17,NE,MIA,1,4,25,6,2,0,0,40,0,0,0,0,0.24
40,EJ Manuel,QB,17,BUF,NYJ,0,0,0,0,0,0,0,0,0,0,0,0,0.00
41,BJ Daniels,QB,17,HOU,JAX,0,0,0,0,0,0,0,0,0,0,0,0,0.00
42,Matt Cassel,QB,17,DAL,WAS,0,0,0,0,0,0,0,0,0,0,0,0,0.00
43,Joe Webb,QB,17,CAR,TB,0,0,0,0,0,0,0,0,0,0,0,0,0.00
44,Derek Anderson,QB,17,CAR,TB,0,0,0,0,0,0,0,0,2,-2,-1,0,-0.20
