Rk,Player,Pos,Week,Team,Opp,Att,Yds,Yds/Att,TD,Targets,Rec,RecYds,RecTD,Fum,Lost,FantasyPoints
1,Carlos Hyde,RB,1,SF,MIN,26,168,7,2,2,2,14,0,0,0,35.20
2,Matt Forte,RB,1,CHI,GB,24,141,6,1,8,5,25,0,0,0,30.60
3,Chris Ivory,RB,1,NYJ,CLE,20,91,5,2,1,1,9,0,0,0,23.00
4,Bishop Sankey,RB,1,TEN,TB,12,74,6,1,4,2,12,1,1,0,22.60
5,Danny Woodhead,RB,1,SD,DET,12,42,4,2,7,4,20,0,0,0,22.20
6,Jamaal Charles,RB,1,KC,HOU,16,57,4,0,8,5,46,1,0,0,21.30
7,Mark Ingram,RB,1,NO,ARI,9,24,3,0,9,8,98,0,0,0,20.20
8,Darren Sproles,RB,1,PHI,ATL,5,50,10,0,9,7,76,0,0,0,19.60
9,Ameer Abdullah,RB,1,DET,SD,7,50,7,1,4,4,44,0,1,0,19.40
10,Jeremy Hill,RB,1,CIN,OAK,19,63,3,2,0,0,0,0,0,0,18.30
11,DeMarco Murray,RB,1,PHI,ATL,8,9,1,1,5,4,11,1,0,0,18.00
12,Eddie Lacy,RB,1,GB,CHI,19,85,5,1,3,2,14,0,0,0,17.90
13,Marcel Reece,FB,1,OAK,CIN,0,0,0,0,4,3,26,2,0,0,17.60
14,Marshawn Lynch,RB,1,SEA,LA,18,73,4,0,7,5,31,0,0,0,17.40
15,DeAngelo Williams,RB,1,PIT,NE,21,127,6,0,1,1,5,0,0,0,17.20
16,Benjamin Cunningham,RB,1,LA,SEA,16,45,3,0,7,4,77,0,0,0,16.20
17,Dion Lewis,RB,1,NE,PIT,15,69,5,0,5,4,51,0,1,0,16.00
18,Alfred Morris,RB,1,WAS,MIA,25,121,5,0,0,0,0,0,0,0,15.10
19,Latavius Murray,RB,1,OAK,CIN,11,44,4,0,7,7,36,0,0,0,15.00
20,Lance Dunbar,RB,1,DAL,NYG,0,0,0,0,8,8,70,0,0,0,15.00
21,Giovani Bernard,RB,1,CIN,OAK,8,63,8,0,6,6,25,0,0,0,14.80
22,Joseph Randle,RB,1,DAL,NYG,16,65,4,0,3,3,42,0,1,0,13.70
23,Andre Ellington,RB,1,ARI,NO,12,69,6,1,3,1,7,0,1,1,13.60
24,David Johnson,RB,1,ARI,NO,0,0,0,0,2,1,55,1,0,0,12.50
25,Jonathan Stewart,RB,1,CAR,JAX,18,56,3,0,4,4,25,0,0,0,12.10
26,Khiry Robinson,RB,1,NO,ARI,8,19,2,0,6,5,51,0,0,0,12.00
27,Ryan Mathews,RB,1,PHI,ATL,3,4,1,1,4,3,24,0,0,0,11.80
28,Theo Riddick,RB,1,DET,SD,0,0,0,0,2,2,37,1,0,0,11.70
29,LeSean McCoy,RB,1,BUF,IND,17,41,2,0,4,3,46,0,0,0,11.70
30,Karlos Williams,RB,1,BUF,IND,6,55,9,1,0,0,0,0,0,0,11.50
31,Rashad Jennings,RB,1,NYG,DAL,13,52,4,1,1,0,0,0,0,0,11.20
32,Shane Vereen,RB,1,NYG,DAL,3,14,5,0,5,4,46,0,0,0,10.00
33,Bilal Powell,RB,1,NYJ,CLE,12,62,5,0,4,2,16,0,0,0,9.80
34,TJ Yeldon,RB,1,JAX,CAR,12,51,4,0,4,3,16,0,0,0,9.70
35,Justin Forsett,RB,1,BAL,DEN,14,43,3,0,7,4,13,0,0,0,9.60
36,CJ Anderson,RB,1,DEN,BAL,12,29,2,0,8,4,19,0,0,0,8.80
37,Melvin Gordon,RB,1,SD,DET,14,51,4,0,3,3,16,0,1,1,8.70
38,Lamar Miller,RB,1,MIA,WAS,13,53,4,0,1,1,22,0,0,0,8.50
39,Adrian Peterson,RB,1,MIN,SF,10,31,3,0,3,3,21,0,0,0,8.20
40,Tevin Coleman,RB,1,ATL,PHI,20,80,4,0,2,0,0,0,0,0,8.00
41,Devonta Freeman,RB,1,ATL,PHI,10,18,2,0,4,3,29,0,0,0,7.70
42,Will Johnson,FB,1,PIT,NE,4,7,2,1,0,0,0,0,0,0,6.70
43,Denard Robinson,RB,1,JAX,CAR,5,19,4,0,2,2,26,0,0,0,6.50
44,Doug Martin,RB,1,TB,TEN,11,52,5,0,1,1,2,0,0,0,6.40
45,Anthony Dixon,RB,1,BUF,IND,3,1,0,1,0,0,0,0,0,0,6.10
46,Joique Bell,RB,1,DET,SD,6,14,2,0,2,2,27,0,0,0,6.10
47,Alfred Blue,RB,1,HOU,KC,9,42,5,0,2,1,7,0,0,0,5.90
48,Kyle Juszczyk,FB,1,BAL,DEN,0,0,0,0,4,4,17,0,0,0,5.70
49,Charles Sims,RB,1,TB,TEN,5,12,2,0,5,2,23,0,0,0,5.50
50,Jamize Olawale,FB,1,OAK,CIN,1,6,6,0,3,3,19,0,0,0,5.50
1,Matt Jones,RB,2,WAS,LA,19,123,7,2,3,3,23,0,1,1,31.60
2,DeAngelo Williams,RB,2,PIT,SF,20,77,4,3,5,4,15,0,0,0,31.20
3,Dion Lewis,RB,2,NE,BUF,7,40,6,1,9,6,98,0,1,1,24.80
4,Jamaal Charles,RB,2,KC,DEN,21,125,6,1,5,4,2,0,2,2,23.70
5,Adrian Peterson,RB,2,MIN,DET,29,134,5,0,2,2,58,0,2,1,23.20
6,Giovani Bernard,RB,2,CIN,SD,20,123,6,0,3,3,16,0,0,0,19.90
7,Latavius Murray,RB,2,OAK,BAL,15,65,4,1,3,3,22,0,0,0,17.70
8,David Johnson,RB,2,ARI,CHI,5,42,8,1,2,1,3,0,0,0,17.50
9,Shane Vereen,RB,2,NYG,ATL,6,19,3,0,8,8,76,0,0,0,17.50
10,Dexter McCluster,RB,2,TEN,CLE,10,98,10,0,4,4,26,0,0,0,16.40
11,Danny Woodhead,RB,2,SD,CIN,7,36,5,0,6,6,68,0,0,0,16.40
12,Devonta Freeman,RB,2,ATL,NYG,12,25,2,1,8,4,34,0,0,0,15.90
13,LeSean McCoy,RB,2,BUF,NE,15,89,6,0,4,3,27,0,0,0,14.60
14,Matt Forte,RB,2,CHI,ARI,15,61,4,0,5,4,44,0,0,0,14.50
15,Mark Ingram,RB,2,NO,TB,16,53,3,1,3,3,5,0,1,1,13.80
16,Lorenzo Taliaferro,RB,2,BAL,OAK,7,34,5,1,3,3,12,0,0,0,13.60
17,James Starks,RB,2,GB,SEA,20,95,5,0,4,4,11,0,1,1,13.60
18,Isaiah Crowell,RB,2,CLE,TEN,15,72,5,1,0,0,0,0,0,0,13.20
19,Justin Forsett,RB,2,BAL,OAK,15,68,5,0,4,4,12,0,0,0,12.00
20,Karlos Williams,RB,2,BUF,NE,6,21,4,1,3,2,16,0,0,0,11.70
21,TJ Yeldon,RB,2,JAX,MIA,25,70,3,0,4,3,13,0,0,0,11.30
22,Damien Williams,RB,2,MIA,JAX,2,5,3,0,4,3,15,1,0,0,11.00
23,Melvin Gordon,RB,2,SD,CIN,16,88,6,0,1,1,10,0,0,0,10.80
24,Doug Martin,RB,2,TB,NO,21,78,4,0,2,2,20,0,1,1,10.80
25,Jonathan Grimes,RB,2,HOU,CAR,2,7,4,0,7,6,40,0,0,0,10.70
26,DeMarco Murray,RB,2,PHI,DAL,13,2,0,0,5,5,53,0,0,0,10.50
27,Carlos Hyde,RB,2,SF,PIT,13,43,3,0,4,4,18,0,0,0,10.10
28,Bilal Powell,RB,2,NYJ,IND,12,38,3,0,5,4,16,0,1,0,9.40
29,Tevin Coleman,RB,2,ATL,NYG,9,32,4,1,1,0,0,0,0,0,9.20
30,Alfred Morris,RB,2,WAS,LA,18,59,3,0,2,2,13,0,0,0,9.20
31,Marshawn Lynch,RB,2,SEA,GB,15,41,3,0,6,3,21,0,0,0,9.20
32,Lamar Miller,RB,2,MIA,JAX,10,14,1,0,6,5,28,0,0,0,9.20
33,Josh Robinson,RB,2,IND,NYJ,5,12,2,0,5,5,27,0,0,0,8.90
34,Fred Jackson,RB,2,SEA,GB,0,0,0,0,2,2,16,1,1,1,8.60
35,Theo Riddick,RB,2,DET,MIN,1,5,5,0,6,5,41,0,1,1,8.60
36,Lance Dunbar,RB,2,DAL,PHI,1,8,8,0,5,3,45,0,0,0,8.30
37,Charles Sims,RB,2,TB,NO,8,38,5,0,3,3,14,0,0,0,8.20
38,Jeremy Langford,RB,2,CHI,ARI,6,21,4,1,0,0,0,0,0,0,8.10
39,Chris Ivory,RB,2,NYJ,IND,14,57,4,0,2,2,3,0,0,0,8.00
40,Joseph Randle,RB,2,DAL,PHI,18,51,3,0,1,1,14,0,0,0,7.50
41,Chris Johnson,RB,2,ARI,CHI,20,72,4,0,1,0,0,0,0,0,7.20
42,Darren McFadden,RB,2,DAL,PHI,10,31,3,0,2,2,21,0,0,0,7.20
43,Knile Davis,RB,2,KC,DEN,3,9,3,1,1,0,0,0,0,0,6.90
44,Jonathan Stewart,RB,2,CAR,HOU,17,62,4,0,1,1,-3,0,0,0,6.90
45,Khiry Robinson,RB,2,NO,TB,5,48,10,0,1,1,9,0,0,0,6.70
46,Chris Polk,RB,2,HOU,CAR,14,38,3,0,8,2,9,0,0,0,6.70
47,Benjamin Cunningham,RB,2,LA,WAS,1,0,0,0,6,4,27,0,0,0,6.70
48,Austin Johnson,FB,2,NO,TB,1,1,1,1,1,0,0,0,0,0,6.10
49,Zach Line,FB,2,MIN,DET,1,1,1,1,0,0,0,0,0,0,6.10
50,Frank Gore,RB,2,IND,NYJ,15,57,4,0,1,1,4,0,1,1,6.10
1,Devonta Freeman,RB,3,ATL,DAL,30,141,5,3,5,5,52,0,0,0,45.30
2,Jamaal Charles,RB,3,KC,GB,11,49,5,3,7,5,33,0,0,0,31.20
3,Chris Johnson,RB,3,ARI,SF,22,110,5,2,2,1,40,0,0,0,31.00
4,Joseph Randle,RB,3,DAL,ATL,14,87,6,3,2,2,18,0,0,0,30.50
5,LeGarrette Blount,RB,3,NE,JAX,18,78,4,3,1,1,14,0,0,0,28.20
6,Adrian Peterson,RB,3,MIN,SD,20,126,6,2,0,0,0,0,0,0,27.60
7,Le'Veon Bell,RB,3,PIT,LA,19,62,3,1,8,7,70,0,0,0,26.20
8,Latavius Murray,RB,3,OAK,CLE,26,139,5,1,1,1,10,0,0,0,24.90
9,Lance Dunbar,RB,3,DAL,ATL,1,5,5,0,10,10,100,0,0,0,23.50
10,Alfred Blue,RB,3,HOU,TB,31,139,5,1,0,0,0,0,1,0,22.90
11,Ryan Mathews,RB,3,PHI,NYJ,24,108,5,0,4,2,20,1,1,1,22.80
12,Chris Thompson,RB,3,WAS,NYG,2,29,15,0,11,8,57,1,1,0,22.60
13,Frank Gore,RB,3,IND,TEN,14,86,6,2,2,1,8,0,0,0,22.40
14,Mark Ingram,RB,3,NO,CAR,14,50,4,1,5,5,49,0,0,0,20.90
15,Karlos Williams,RB,3,BUF,MIA,12,110,9,1,0,0,0,0,0,0,20.00
16,Darren Sproles,RB,3,PHI,NYJ,11,17,2,1,6,4,19,0,0,0,19.60
17,Dion Lewis,RB,3,NE,JAX,8,37,5,1,5,5,30,0,0,0,17.70
18,Theo Riddick,RB,3,DET,DEN,0,0,0,0,10,8,66,0,0,0,14.60
19,Bilal Powell,RB,3,NYJ,PHI,10,31,3,0,8,7,44,0,0,0,14.50
20,Thomas Rawls,RB,3,SEA,CHI,16,104,7,0,1,0,0,0,0,0,13.40
21,Charles Sims,RB,3,TB,HOU,6,11,2,0,2,2,41,1,0,0,13.20
22,Antonio Andrews,RB,3,TEN,IND,12,49,4,1,2,1,12,0,0,0,13.10
23,Ameer Abdullah,RB,3,DET,DEN,8,23,3,0,5,2,19,1,0,0,12.20
24,Eddie Lacy,RB,3,GB,KC,10,46,5,0,3,3,41,0,0,0,11.70
25,Giovani Bernard,RB,3,CIN,BAL,13,49,4,0,4,3,34,0,0,0,11.30
26,Khiry Robinson,RB,3,NO,CAR,7,12,2,1,2,2,8,0,0,0,10.00
27,LeSean McCoy,RB,3,BUF,MIA,11,16,2,0,3,1,10,1,0,0,9.60
28,Darren McFadden,RB,3,DAL,ATL,6,35,6,1,0,0,0,0,0,0,9.50
29,Lamar Miller,RB,3,MIA,BUF,7,38,5,0,3,3,27,0,0,0,9.50
30,Duke Johnson,RB,3,CLE,OAK,4,3,1,0,7,6,32,0,0,0,9.50
31,Andre Williams,RB,3,NYG,WAS,14,29,2,1,0,0,0,0,0,0,8.90
32,Rashad Jennings,RB,3,NYG,WAS,11,32,3,0,3,3,25,0,0,0,8.70
33,Ronnie Hillman,RB,3,DEN,DET,7,13,2,1,1,1,3,0,0,0,8.60
34,Jonathan Grimes,RB,3,HOU,TB,6,19,3,0,4,4,19,0,0,0,7.80
35,Matt Forte,RB,3,CHI,SEA,20,74,4,0,3,0,0,0,0,0,7.40
36,Joique Bell,RB,3,DET,DEN,10,6,1,1,1,1,-2,0,0,0,7.40
37,Mike Tolbert,FB,3,CAR,NO,5,16,3,0,3,3,28,0,0,0,7.40
38,James White,RB,3,NE,JAX,2,8,4,0,4,4,26,0,0,0,7.40
39,Danny Woodhead,RB,3,SD,MIN,5,11,2,0,4,3,32,0,0,0,7.30
40,Carlos Hyde,RB,3,SF,ARI,15,51,3,0,1,1,10,0,0,0,7.10
41,David Johnson,RB,3,ARI,SF,7,25,4,0,3,3,16,0,0,0,7.10
42,Jalston Fowler,RB,3,TEN,IND,4,9,2,1,0,0,0,0,0,0,6.90
43,Justin Forsett,RB,3,BAL,CIN,10,13,1,0,7,4,16,0,0,0,6.90
44,Marcel Reece,FB,3,OAK,CLE,1,1,1,0,2,1,55,0,0,0,6.60
45,TJ Yeldon,RB,3,JAX,NE,11,33,3,0,3,2,9,0,0,0,6.20
46,Zach Line,FB,3,MIN,SD,1,1,1,1,0,0,0,0,0,0,6.10
47,James Starks,RB,3,GB,KC,17,32,2,0,1,1,19,0,0,0,6.10
48,Bishop Sankey,RB,3,TEN,IND,5,10,2,0,2,2,31,0,0,0,6.10
49,Marcus Murphy,RB,3,NO,CAR,0,0,0,0,0,0,0,0,0,0,6.00
50,Jonathan Stewart,RB,3,CAR,NO,14,52,4,0,1,0,0,0,0,0,5.20
1,Devonta Freeman,RB,4,ATL,HOU,14,68,5,3,6,5,81,0,0,0,37.90
2,Le'Veon Bell,RB,4,PIT,BAL,22,129,6,1,7,7,21,0,0,0,31.00
3,Doug Martin,RB,4,TB,CAR,20,106,5,1,5,5,37,0,0,0,28.30
4,Duke Johnson,RB,4,CLE,SD,8,31,4,0,10,9,85,1,0,0,26.60
5,Chris Ivory,RB,4,NYJ,MIA,29,166,6,1,2,0,0,0,0,0,25.60
6,Jeremy Hill,RB,4,CIN,KC,9,40,4,3,0,0,0,0,0,0,24.00
7,CJ Spiller,RB,4,NO,DAL,2,10,5,0,5,5,99,1,0,0,21.90
8,Todd Gurley,RB,4,LA,ARI,19,146,8,0,2,2,15,0,1,0,21.10
9,Ronnie Hillman,RB,4,DEN,MIN,11,103,9,1,1,1,5,0,0,0,20.80
10,Jamaal Charles,RB,4,KC,CIN,11,75,7,0,6,6,70,0,0,0,20.50
11,Adrian Peterson,RB,4,MIN,DEN,16,81,5,1,6,4,13,0,0,0,19.40
12,Mark Ingram,RB,4,NO,DAL,17,77,5,0,7,6,51,0,0,0,18.80
13,Matt Forte,RB,4,CHI,OAK,25,91,4,0,4,4,64,0,1,1,18.50
14,Justin Forsett,RB,4,BAL,PIT,27,150,6,0,1,0,0,0,0,0,18.00
15,Danny Woodhead,RB,4,SD,CLE,8,54,7,0,4,4,84,0,0,0,17.80
16,Rashad Jennings,RB,4,NYG,BUF,9,38,4,0,2,2,54,1,0,0,17.20
17,David Johnson,RB,4,ARI,LA,3,18,6,0,10,4,63,1,1,1,17.10
18,Terron Ward,RB,4,ATL,HOU,19,72,4,1,1,1,18,0,0,0,16.00
19,Karlos Williams,RB,4,BUF,NYG,18,40,2,0,4,3,30,1,0,0,16.00
20,TJ Yeldon,RB,4,JAX,IND,22,105,5,0,3,2,4,0,0,0,15.90
21,Isaiah Crowell,RB,4,CLE,SD,12,63,5,0,3,3,62,0,0,0,15.50
22,Charles Sims,RB,4,TB,CAR,6,23,4,0,5,3,30,1,0,0,14.30
23,Chris Polk,RB,4,HOU,ATL,3,27,9,1,4,3,23,0,0,0,14.00
24,Frank Gore,RB,4,IND,JAX,17,53,3,0,7,5,34,0,1,1,12.70
25,Chris Johnson,RB,4,ARI,LA,16,83,5,0,3,3,11,0,0,0,12.40
26,Giovani Bernard,RB,4,CIN,KC,13,62,5,1,0,0,0,0,0,0,12.20
27,Roy Helu,RB,4,OAK,CHI,5,22,4,0,2,2,13,1,0,0,11.50
28,Zac Stacy,RB,4,NYJ,MIA,5,7,1,1,3,2,18,0,0,0,10.50
29,Eddie Lacy,RB,4,GB,SF,18,90,5,0,3,1,3,0,0,0,10.30
30,Khiry Robinson,RB,4,NO,DAL,6,16,3,1,4,2,5,0,0,0,10.10
31,Chris Thompson,RB,4,WAS,PHI,6,53,9,0,3,2,24,0,0,0,9.70
32,Latavius Murray,RB,4,OAK,CHI,15,49,3,0,5,3,12,0,0,0,9.10
33,Joseph Randle,RB,4,DAL,NO,11,26,2,1,0,0,0,0,0,0,8.60
34,Theo Riddick,RB,4,DET,SEA,1,5,5,0,5,5,31,0,0,0,8.60
35,Alfred Morris,RB,4,WAS,PHI,17,62,4,0,3,2,3,0,0,0,8.50
36,CJ Anderson,RB,4,DEN,MIN,11,43,4,0,1,1,27,0,0,0,8.00
37,John Kuhn,FB,4,GB,SF,1,1,1,1,1,1,8,0,0,0,7.90
38,Fred Jackson,RB,4,SEA,DET,3,21,7,0,4,2,33,0,0,0,7.40
39,DeMarco Murray,RB,4,PHI,WAS,8,36,5,0,2,2,12,0,0,0,6.80
40,Melvin Gordon,RB,4,SD,CLE,12,38,3,0,2,2,8,0,0,0,6.60
41,Ameer Abdullah,RB,4,DET,SEA,13,33,3,0,5,2,11,0,0,0,6.40
42,James Starks,RB,4,GB,SF,9,28,3,0,2,2,11,0,0,0,5.90
43,Thomas Rawls,RB,4,SEA,DET,17,48,3,0,1,1,-1,0,0,0,5.70
44,Andre Williams,RB,4,NYG,BUF,11,35,3,0,1,0,0,0,0,0,5.50
45,Arian Foster,RB,4,HOU,ATL,8,10,1,0,5,3,25,0,1,1,5.50
46,Lance Dunbar,RB,4,DAL,NO,3,54,18,0,0,0,0,0,0,0,5.40
47,Jonathan Stewart,RB,4,CAR,TB,10,50,5,0,0,0,0,0,1,0,5.00
48,Lamar Miller,RB,4,MIA,NYJ,7,26,4,0,2,1,10,0,0,0,4.60
49,Anthony Dixon,RB,4,BUF,NYG,0,0,0,0,3,2,20,0,0,0,4.00
50,Rex Burkhead,RB,4,CIN,KC,0,0,0,0,1,1,27,0,0,0,3.70
1,Doug Martin,RB,5,TB,JAX,24,123,5,2,3,3,35,1,0,0,39.80
2,Devonta Freeman,RB,5,ATL,WAS,27,153,6,1,8,7,44,0,1,0,35.70
3,Justin Forsett,RB,5,BAL,CLE,21,121,6,1,5,4,49,0,0,0,30.00
4,Thomas Rawls,RB,5,SEA,CIN,23,169,7,1,0,0,0,0,0,0,25.90
5,Le'Veon Bell,RB,5,PIT,SD,21,111,5,1,5,4,16,0,0,0,25.70
6,DeMarco Murray,RB,5,PHI,NO,20,83,4,1,8,7,37,0,0,0,25.00
7,Shane Vereen,RB,5,NYG,SF,5,24,5,0,8,8,86,1,0,0,25.00
8,Dion Lewis,RB,5,NE,DAL,6,34,6,0,11,8,59,1,0,0,23.30
9,Matt Forte,RB,5,CHI,KC,18,71,4,0,7,5,38,1,0,0,21.90
10,Theo Riddick,RB,5,DET,ARI,0,0,0,0,13,10,53,1,0,0,21.30
11,Arian Foster,RB,5,HOU,IND,19,41,2,0,10,9,77,0,0,0,20.80
12,Todd Gurley,RB,5,LA,GB,30,159,5,0,0,0,0,0,0,0,18.90
13,Ryan Mathews,RB,5,PHI,NO,8,73,9,1,3,3,23,0,0,0,18.60
14,Marcel Reece,FB,5,OAK,DEN,1,6,6,0,8,7,49,1,0,0,18.50
15,Charles Sims,RB,5,TB,JAX,12,51,4,0,4,4,85,0,0,0,17.60
16,TJ Yeldon,RB,5,JAX,TB,11,32,3,0,6,5,31,1,0,0,17.30
17,Darren McFadden,RB,5,DAL,NE,5,16,3,0,10,9,62,0,0,0,16.80
18,Carlos Hyde,RB,5,SF,NYG,21,93,4,1,5,1,4,0,0,0,16.70
19,Isaiah Crowell,RB,5,CLE,BAL,13,49,4,0,2,2,38,1,0,0,16.70
20,Frank Gore,RB,5,IND,HOU,22,98,5,1,0,0,0,0,0,0,15.80
21,Melvin Gordon,RB,5,SD,PIT,15,42,3,0,9,7,52,0,1,1,15.40
22,Giovani Bernard,RB,5,CIN,SEA,15,80,5,0,8,5,21,0,0,0,15.10
23,Antonio Andrews,RB,5,TEN,BUF,7,9,1,1,4,3,45,0,0,0,14.40
24,Duke Johnson,RB,5,CLE,BAL,9,22,2,0,8,6,55,0,0,0,13.70
25,Chris Johnson,RB,5,ARI,DET,11,103,9,0,0,0,0,0,0,0,13.30
26,David Johnson,RB,5,ARI,DET,3,6,2,2,0,0,0,0,0,0,12.60
27,Danny Woodhead,RB,5,SD,PIT,4,10,3,0,7,5,66,0,0,0,12.60
28,Andre Ellington,RB,5,ARI,DET,3,63,21,1,0,0,0,0,0,0,12.30
29,Kyle Juszczyk,FB,5,BAL,CLE,0,0,0,0,6,3,31,1,0,0,12.10
30,Joseph Randle,RB,5,DAL,NE,15,60,4,0,4,4,13,0,0,0,11.30
31,De'Anthony Thomas,RB,5,KC,CHI,1,5,5,0,3,2,24,1,0,0,10.90
32,Chris Thompson,RB,5,WAS,ATL,3,15,5,0,7,6,33,0,0,0,10.80
33,Matt Jones,RB,5,WAS,ATL,11,20,2,1,2,1,17,0,0,0,10.70
34,Rashad Jennings,RB,5,NYG,SF,11,46,4,0,4,4,21,0,0,0,10.70
35,Jamaal Charles,RB,5,KC,CHI,12,58,5,0,4,1,26,0,0,0,9.40
36,Mark Ingram,RB,5,NO,PHI,12,57,5,0,3,2,17,0,0,0,9.40
37,Latavius Murray,RB,5,OAK,DEN,13,39,3,0,4,3,18,0,0,0,8.70
38,James Starks,RB,5,GB,LA,5,17,3,0,6,3,29,0,0,0,7.60
39,LeGarrette Blount,RB,5,NE,DAL,13,74,6,0,0,0,0,0,0,0,7.40
40,Bishop Sankey,RB,5,TEN,BUF,7,20,3,0,3,3,23,0,0,0,7.30
41,Anthony Dixon,RB,5,BUF,TEN,7,19,3,0,3,3,20,0,0,0,6.90
42,Fred Jackson,RB,5,SEA,CIN,2,5,3,0,3,3,29,0,0,0,6.40
43,CJ Anderson,RB,5,DEN,OAK,11,22,2,0,2,2,18,0,0,0,6.00
44,Javorius Allen,RB,5,BAL,CLE,8,58,7,0,1,0,0,0,0,0,5.80
45,Khiry Robinson,RB,5,NO,PHI,5,30,6,0,2,2,2,0,0,0,5.20
46,Benjamin Cunningham,RB,5,LA,GB,0,0,0,0,2,2,28,0,0,0,4.80
47,Roy Helu,RB,5,OAK,DEN,3,6,2,0,6,3,12,0,0,0,4.80
48,Darren Sproles,RB,5,PHI,NO,5,27,5,0,2,1,10,0,0,0,4.70
49,Zach Zenner,RB,5,DET,ARI,10,30,3,0,2,1,7,0,0,0,4.70
50,Charcandrick West,RB,5,KC,CHI,7,31,4,0,2,1,5,0,0,0,4.60
1,Devonta Freeman,RB,6,ATL,NO,13,100,8,1,10,8,56,1,0,0,38.60
2,Chris Ivory,RB,6,NYJ,WAS,20,146,7,1,3,3,50,0,0,0,31.60
3,James Starks,RB,6,GB,SD,10,112,11,1,2,1,5,1,0,0,27.70
4,DeMarco Murray,RB,6,PHI,NYG,21,112,5,1,4,3,14,0,0,0,24.60
5,LeGarrette Blount,RB,6,NE,IND,16,93,6,1,1,1,11,1,0,0,23.40
6,Lamar Miller,RB,6,MIA,TEN,19,113,6,1,3,2,5,0,0,0,22.80
7,Arian Foster,RB,6,HOU,JAX,18,53,3,0,6,5,59,1,1,0,22.20
8,Jonathan Stewart,RB,6,CAR,SEA,20,78,4,2,1,1,8,0,0,0,21.60
9,Mark Ingram,RB,6,NO,ATL,20,46,2,2,3,3,10,0,0,0,20.60
10,Matt Forte,RB,6,CHI,DET,24,69,3,1,5,3,20,0,1,0,19.90
11,Ronnie Hillman,RB,6,DEN,CLE,20,111,6,0,5,3,4,0,0,0,17.50
12,LeSean McCoy,RB,6,BUF,CIN,17,90,5,1,4,2,4,0,0,0,17.40
13,Justin Forsett,RB,6,BAL,SF,17,62,4,0,8,7,39,0,0,0,17.10
14,Giovani Bernard,RB,6,CIN,BUF,8,50,6,1,2,1,23,0,0,0,14.30
15,Jeremy Hill,RB,6,CIN,BUF,16,56,4,0,1,1,13,1,0,0,13.90
16,Dexter McCluster,RB,6,TEN,MIA,5,23,5,0,4,3,19,1,0,0,13.20
17,Marshawn Lynch,RB,6,SEA,CAR,17,54,3,1,3,1,0,0,0,0,12.40
18,Danny Woodhead,RB,6,SD,GB,7,8,1,0,7,5,63,0,0,0,12.10
19,Bruce Miller,FB,6,SF,BAL,0,0,0,0,3,3,89,0,0,0,11.90
20,Frank Gore,RB,6,IND,NE,13,78,6,0,3,2,16,0,0,0,11.40
21,Theo Riddick,RB,6,DET,CHI,7,28,4,0,6,3,50,0,0,0,10.80
22,CJ Anderson,RB,6,DEN,CLE,13,41,3,0,4,4,25,0,0,0,10.60
23,Branden Oliver,RB,6,SD,GB,7,23,3,0,4,4,40,0,0,0,10.30
24,Rashad Jennings,RB,6,NYG,PHI,13,63,5,0,3,3,20,0,1,1,10.30
25,Ameer Abdullah,RB,6,DET,CHI,14,48,3,0,4,3,21,0,1,0,9.90
26,Chris Thompson,RB,6,WAS,NYJ,5,12,2,0,10,6,26,0,0,0,9.80
27,Jeremy Langford,RB,6,CHI,DET,5,10,2,1,2,1,17,0,0,0,9.70
28,Le'Veon Bell,RB,6,PIT,ARI,24,88,4,0,0,0,0,0,0,0,8.80
29,Duke Johnson,RB,6,CLE,DEN,9,38,4,0,4,3,18,0,0,0,8.60
30,Zac Stacy,RB,6,NYJ,WAS,13,46,4,0,2,2,15,0,0,0,8.10
31,Carlos Hyde,RB,6,SF,BAL,21,55,3,0,2,2,5,0,0,0,8.00
32,Toby Gerhart,RB,6,JAX,HOU,9,26,3,0,4,3,23,0,0,0,7.90
33,Andre Ellington,RB,6,ARI,PIT,1,7,7,0,2,2,47,0,0,0,7.40
34,Dion Lewis,RB,6,NE,IND,4,21,5,0,6,3,18,0,0,0,6.90
35,Denard Robinson,RB,6,JAX,HOU,7,19,3,0,3,3,19,0,0,0,6.80
36,Adrian Peterson,RB,6,MIN,KC,26,60,2,0,1,1,-3,0,1,0,6.70
37,Khiry Robinson,RB,6,NO,ATL,7,23,3,0,2,2,24,0,0,0,6.70
38,CJ Spiller,RB,6,NO,ATL,3,10,3,0,5,4,17,0,0,0,6.70
39,Isaiah Crowell,RB,6,CLE,DEN,11,32,3,0,2,2,9,0,0,0,6.10
40,Ryan Mathews,RB,6,PHI,NYG,9,40,4,0,1,1,6,0,0,0,5.60
41,Chris Johnson,RB,6,ARI,PIT,14,40,3,0,1,1,5,0,0,0,5.50
42,Chris Polk,RB,6,HOU,JAX,8,37,5,0,2,1,2,0,0,0,4.90
43,Jonas Gray,RB,6,MIA,TEN,7,24,3,0,1,1,12,0,0,0,4.60
44,Matt Asiata,RB,6,MIN,KC,5,27,5,0,1,1,8,0,0,0,4.50
45,Fozzy Whittaker,RB,6,CAR,SEA,1,2,2,0,2,2,21,0,0,0,4.30
46,Alfred Morris,RB,6,WAS,NYJ,11,21,2,0,1,1,11,0,0,0,4.20
47,Kyle Juszczyk,FB,6,BAL,SF,0,0,0,0,2,2,22,0,0,0,4.20
48,John Kuhn,FB,6,GB,SD,0,0,0,0,2,2,20,0,0,0,4.00
49,Eddie Lacy,RB,6,GB,SD,4,3,1,0,2,2,17,0,1,0,4.00
50,Charcandrick West,RB,6,KC,MIN,9,33,4,0,2,1,6,0,1,1,3.90
1,Lamar Miller,RB,7,MIA,HOU,14,175,13,1,3,3,61,1,0,0,41.60
2,Todd Gurley,RB,7,LA,CLE,19,128,7,2,5,4,35,0,0,0,35.30
3,Danny Woodhead,RB,7,SD,OAK,5,26,5,0,12,11,75,2,0,0,33.10
4,Arian Foster,RB,7,HOU,MIA,18,59,3,1,7,5,66,1,0,0,29.50
5,Darren McFadden,RB,7,DAL,NYG,29,152,5,1,2,2,10,0,0,0,27.20
6,Mark Ingram,RB,7,NO,IND,14,143,10,1,2,2,5,0,0,0,25.80
7,Charcandrick West,RB,7,KC,PIT,22,110,5,1,5,2,19,0,0,0,23.90
8,Doug Martin,RB,7,TB,WAS,19,136,7,0,3,3,35,0,0,0,23.10
9,TJ Yeldon,RB,7,JAX,BUF,20,115,6,1,3,1,9,0,0,0,22.40
10,Marshawn Lynch,RB,7,SEA,SF,27,122,5,1,0,0,0,0,0,0,21.20
11,Chris Johnson,RB,7,ARI,BAL,18,122,7,1,0,0,0,0,0,0,21.20
12,Ryan Mathews,RB,7,PHI,CAR,6,97,16,1,3,3,24,0,0,0,21.10
13,Le'Veon Bell,RB,7,PIT,KC,17,121,7,0,4,4,16,0,0,0,20.70
14,Devonta Freeman,RB,7,ATL,TEN,25,116,5,0,3,2,14,0,0,0,18.00
15,Khiry Robinson,RB,7,NO,IND,14,28,2,2,1,1,3,0,0,0,16.10
16,Duke Johnson,RB,7,CLE,LA,6,17,3,0,7,7,73,0,0,0,16.00
17,Latavius Murray,RB,7,OAK,SD,15,85,6,1,1,1,1,0,0,0,15.60
18,Jonathan Stewart,RB,7,CAR,PHI,24,125,5,0,1,0,0,0,0,0,15.50
19,Mike Tolbert,FB,7,CAR,PHI,3,16,5,1,1,1,2,1,0,0,14.80
20,Adrian Peterson,RB,7,MIN,DET,19,98,5,0,3,3,12,0,0,0,14.00
21,LeSean McCoy,RB,7,BUF,JAX,18,68,4,0,4,2,36,0,1,1,13.40
22,Justin Forsett,RB,7,BAL,ARI,12,36,3,1,4,3,8,0,0,0,13.40
23,Branden Oliver,RB,7,SD,OAK,9,35,4,0,7,6,39,0,0,0,13.40
24,Chris Ivory,RB,7,NYJ,NE,17,41,2,0,2,2,12,1,0,0,13.30
25,Dexter McCluster,RB,7,TEN,ATL,5,20,4,0,8,6,48,0,0,0,12.80
26,Frank Gore,RB,7,IND,NO,9,43,5,0,8,5,32,0,0,0,12.50
27,Kyle Juszczyk,FB,7,BAL,ARI,0,0,0,0,5,4,15,1,0,0,11.50
28,Orleans Darkwa,RB,7,NYG,DAL,8,48,6,1,1,0,0,0,0,0,10.80
29,CJ Spiller,RB,7,NO,IND,4,16,4,0,6,6,32,0,0,0,10.80
30,DeMarco Murray,RB,7,PHI,CAR,18,65,4,0,4,2,5,0,0,0,9.00
31,Darren Sproles,RB,7,PHI,CAR,3,9,3,0,10,5,31,0,0,0,9.00
32,Matt Jones,RB,7,WAS,TB,9,29,3,0,4,3,22,0,0,0,8.10
33,Andre Ellington,RB,7,ARI,BAL,5,21,4,0,4,3,28,0,0,0,7.90
34,Theo Riddick,RB,7,DET,MIN,3,8,3,0,4,3,40,0,0,0,7.80
35,Charles Sims,RB,7,TB,WAS,10,49,5,0,3,2,17,0,1,1,7.60
36,Fred Jackson,RB,7,SEA,SF,1,2,2,0,4,4,33,0,0,0,7.50
37,Shane Vereen,RB,7,NYG,DAL,4,56,14,0,3,1,6,0,0,0,7.20
38,Taiwan Jones,RB,7,OAK,SD,3,35,12,0,3,2,17,0,0,0,7.20
39,Jonas Gray,RB,7,MIA,HOU,12,48,4,0,1,1,10,0,0,0,6.80
40,Reggie Bush,RB,7,SF,SEA,4,21,5,0,5,3,13,0,0,0,6.40
41,Zach Line,FB,7,MIN,DET,2,2,1,0,1,1,49,0,0,0,6.10
42,Thomas Rawls,RB,7,SEA,SF,6,32,5,0,2,2,9,0,0,0,6.10
43,James White,RB,7,NE,NYJ,2,4,2,0,5,3,26,0,0,0,6.00
44,Robert Turbin,RB,7,CLE,LA,5,30,6,0,2,2,8,0,0,0,5.80
45,Antonio Andrews,RB,7,TEN,ATL,10,57,6,0,0,0,0,0,0,0,5.70
46,Tommy Bohanon,FB,7,NYJ,NE,0,0,0,0,4,2,36,0,0,0,5.60
47,Joique Bell,RB,7,DET,MIN,3,21,7,0,2,2,14,0,0,0,5.50
48,Jerick McKinnon,RB,7,MIN,DET,9,36,4,0,1,1,1,0,0,0,4.70
49,Javorius Allen,RB,7,BAL,ARI,3,25,8,0,1,1,10,0,0,0,4.50
50,De'Anthony Thomas,RB,7,KC,PIT,1,13,13,0,3,2,12,0,0,0,4.50
1,Todd Gurley,RB,8,LA,SF,20,133,7,1,3,3,13,0,0,0,26.60
2,Dion Lewis,RB,8,NE,MIA,5,19,4,0,9,6,93,1,0,0,23.20
3,Charcandrick West,RB,8,KC,DET,20,97,5,1,6,4,25,0,0,0,22.20
4,CJ Anderson,RB,8,DEN,GB,14,101,7,1,1,1,5,0,0,0,20.60
5,Shane Vereen,RB,8,NYG,NO,2,3,2,0,9,8,60,1,0,0,20.30
6,Devonta Freeman,RB,8,ATL,TB,21,88,4,0,8,6,43,0,0,0,19.10
7,Ronnie Hillman,RB,8,DEN,GB,19,60,3,2,2,1,-5,0,0,0,18.50
8,Darren McFadden,RB,8,DAL,SEA,20,64,3,0,8,6,49,0,0,0,17.30
9,Latavius Murray,RB,8,OAK,NYJ,20,113,6,0,2,1,6,0,0,0,15.90
10,Mark Ingram,RB,8,NO,NYG,16,80,5,0,5,4,39,0,0,0,15.90
11,Adrian Peterson,RB,8,MIN,CHI,20,103,5,0,2,2,6,0,0,0,15.90
12,DeAngelo Williams,RB,8,PIT,CIN,9,71,8,0,4,4,39,0,0,0,15.00
13,Lamar Miller,RB,8,MIA,NE,9,15,2,1,5,5,19,0,0,0,14.40
14,Jonathan Stewart,RB,8,CAR,IND,24,82,3,1,2,1,1,0,1,1,14.30
15,Taiwan Jones,RB,8,OAK,NYJ,2,5,3,0,1,1,59,1,0,0,13.40
16,De'Anthony Thomas,RB,8,KC,DET,1,10,10,1,3,3,22,0,0,0,12.20
17,Frank Gore,RB,8,IND,CAR,22,70,3,0,3,3,22,0,1,0,12.20
18,Alfred Blue,RB,8,HOU,TEN,14,39,3,0,5,5,33,0,0,0,12.20
19,Chris Johnson,RB,8,ARI,CLE,30,109,4,0,1,0,0,0,2,2,11.90
20,Eddie Lacy,RB,8,GB,DEN,11,38,4,1,2,1,9,0,1,0,11.70
21,CJ Spiller,RB,8,NO,NYG,4,21,5,0,4,2,15,1,0,0,11.60
22,Antonio Andrews,RB,8,TEN,HOU,16,64,4,0,3,3,18,0,0,0,11.20
23,Melvin Gordon,RB,8,SD,BAL,18,54,3,0,6,5,7,0,0,0,11.10
24,Matt Forte,RB,8,CHI,MIN,10,41,4,0,4,4,28,0,0,0,10.90
25,Theo Riddick,RB,8,DET,KC,5,17,3,0,7,6,30,0,0,0,10.70
26,Rashad Jennings,RB,8,NYG,NO,10,54,5,0,3,2,31,0,0,0,10.50
27,Marshawn Lynch,RB,8,SEA,DAL,21,71,3,0,2,2,11,0,0,0,10.20
28,Duke Johnson,RB,8,CLE,ARI,1,3,3,0,2,2,68,0,0,0,9.10
29,Jonas Gray,RB,8,MIA,NE,2,1,1,0,5,4,50,0,0,0,9.10
30,Doug Martin,RB,8,TB,ATL,23,71,3,0,1,1,7,0,0,0,8.80
31,Justin Forsett,RB,8,BAL,SD,17,69,4,0,1,1,5,0,0,0,8.40
32,LeGarrette Blount,RB,8,NE,MIA,17,72,4,0,1,1,2,0,0,0,8.40
33,Jeremy Hill,RB,8,CIN,PIT,15,60,4,0,1,1,8,0,0,0,7.80
34,Le'Veon Bell,RB,8,PIT,CIN,10,45,5,0,2,2,13,0,0,0,7.80
35,Dexter McCluster,RB,8,TEN,HOU,3,15,5,0,6,4,23,0,0,0,7.80
36,Charles Sims,RB,8,TB,ATL,6,22,4,0,4,3,24,0,0,0,7.60
37,Spencer Ware,RB,8,KC,DET,2,12,6,1,0,0,0,0,0,0,7.20
38,Chris Ivory,RB,8,NYJ,OAK,15,17,1,0,5,3,24,0,0,0,7.10
39,David Johnson,RB,8,ARI,CLE,1,4,4,0,2,2,44,0,1,0,6.80
40,Danny Woodhead,RB,8,SD,BAL,3,9,3,0,3,2,36,0,0,0,6.50
41,Tre Mason,RB,8,LA,SF,15,46,3,0,1,1,6,0,0,0,6.20
42,Javorius Allen,RB,8,BAL,SD,4,1,0,0,4,3,30,0,0,0,6.10
43,Joique Bell,RB,8,DET,KC,7,56,8,0,1,0,0,0,0,0,5.60
44,Marcel Reece,FB,8,OAK,NYJ,0,0,0,0,3,3,26,0,0,0,5.60
45,Branden Oliver,RB,8,SD,BAL,4,18,5,0,2,2,16,0,0,0,5.40
46,Giovani Bernard,RB,8,CIN,PIT,1,12,12,0,3,2,22,0,0,0,5.40
47,Mike Tolbert,FB,8,CAR,IND,0,0,0,0,1,1,40,0,0,0,5.00
48,Kyle Juszczyk,FB,8,BAL,SD,0,0,0,0,2,1,39,0,0,0,4.90
49,Jeremy Langford,RB,8,CHI,MIN,12,46,4,0,1,0,0,0,0,0,4.60
50,Kendall Gaskins,FB,8,SF,LA,5,6,1,0,3,2,17,0,0,0,4.30
1,DeAngelo Williams,RB,9,PIT,OAK,27,170,6,2,4,2,55,0,0,0,41.50
2,Lamar Miller,RB,9,MIA,BUF,12,44,4,2,7,7,97,0,0,0,33.10
3,DeMarco Murray,RB,9,PHI,DAL,18,83,5,1,7,6,78,0,0,0,28.10
4,Karlos Williams,RB,9,BUF,MIA,9,110,12,2,0,0,0,0,0,0,26.00
5,Adrian Peterson,RB,9,MIN,LA,29,125,4,1,2,2,18,0,2,0,25.30
6,Jeremy Langford,RB,9,CHI,SD,18,72,4,1,4,3,70,0,0,0,25.20
7,James Starks,RB,9,GB,CAR,10,39,4,0,8,6,83,1,0,0,24.20
8,Danny Woodhead,RB,9,SD,CHI,6,33,6,0,10,6,78,1,0,0,23.10
9,LeSean McCoy,RB,9,BUF,MIA,16,112,7,1,2,2,7,0,0,0,22.90
10,LeGarrette Blount,RB,9,NE,WAS,29,129,4,1,0,0,0,0,1,0,21.90
11,Devonta Freeman,RB,9,ATL,SF,12,12,1,0,10,8,67,1,0,0,21.90
12,Todd Gurley,RB,9,LA,MIN,24,89,4,1,5,3,20,0,0,0,19.90
13,Chris Ivory,RB,9,NYJ,JAX,23,26,1,2,3,3,22,0,1,0,19.80
14,Frank Gore,RB,9,IND,DEN,28,83,3,1,3,1,19,0,0,0,17.20
15,Darren McFadden,RB,9,DAL,PHI,27,117,4,0,2,1,5,0,0,0,16.20
16,Shane Vereen,RB,9,NYG,TB,6,14,2,0,4,4,29,1,0,0,14.30
17,Shaun Draughn,RB,9,SF,ATL,16,58,4,0,5,4,38,0,0,0,13.60
18,Mark Ingram,RB,9,NO,TEN,22,54,3,0,5,4,42,0,0,0,13.60
19,TJ Yeldon,RB,9,JAX,NYJ,14,64,5,0,3,3,37,0,0,0,13.10
20,Brandon Bolden,RB,9,NE,WAS,1,12,12,0,4,3,27,1,0,0,12.90
21,Ryan Mathews,RB,9,PHI,DAL,11,67,6,1,1,0,0,0,0,0,12.70
22,Antonio Andrews,RB,9,TEN,NO,19,88,5,0,2,1,23,0,0,0,12.10
23,Duke Johnson,RB,9,CLE,CIN,3,0,0,0,4,2,38,1,0,0,11.80
24,Latavius Murray,RB,9,OAK,PIT,17,96,6,0,2,2,-1,0,2,1,10.50
25,Giovani Bernard,RB,9,CIN,CLE,13,72,6,0,1,1,14,0,0,0,9.60
26,Isaiah Crowell,RB,9,CLE,CIN,10,38,4,0,4,3,26,0,0,0,9.40
27,Dion Lewis,RB,9,NE,WAS,4,14,4,0,5,4,39,0,0,0,9.30
28,Melvin Gordon,RB,9,SD,CHI,11,31,3,0,3,3,25,0,0,0,8.60
29,Charles Sims,RB,9,TB,NYG,8,78,10,0,2,1,4,0,1,1,8.20
30,Ahmad Bradshaw,RB,9,IND,DEN,6,3,1,0,2,1,8,1,0,0,8.10
31,Jamize Olawale,FB,9,OAK,PIT,1,19,19,1,0,0,0,0,0,0,7.90
32,Jonathan Stewart,RB,9,CAR,GB,20,66,3,0,2,1,2,0,0,0,7.80
33,Jeremy Hill,RB,9,CIN,CLE,15,52,4,0,1,1,0,0,0,0,6.20
34,Rashad Jennings,RB,9,NYG,TB,13,48,4,0,1,1,-1,0,0,0,5.70
35,Dexter McCluster,RB,9,TEN,NO,8,19,2,0,4,2,28,0,1,1,5.70
36,Matt Jones,RB,9,WAS,NE,11,27,3,0,3,2,17,0,1,1,5.40
37,Doug Martin,RB,9,TB,NYG,11,31,3,0,4,2,12,0,1,1,5.30
38,CJ Anderson,RB,9,DEN,IND,7,34,5,0,2,1,4,0,0,0,4.80
39,Andre Williams,RB,9,NYG,TB,7,30,4,0,1,1,7,0,0,0,4.70
40,Darren Sproles,RB,9,PHI,DAL,5,23,5,0,3,2,3,0,0,0,4.60
41,Jay Ajayi,RB,9,MIA,BUF,5,41,8,0,0,0,0,0,0,0,4.10
42,Chris Thompson,RB,9,WAS,NE,0,0,0,0,4,2,21,0,0,0,4.10
43,Jerick McKinnon,RB,9,MIN,LA,0,0,0,0,2,2,11,0,0,0,3.10
44,Zac Stacy,RB,9,NYJ,JAX,1,3,3,0,3,1,16,0,0,0,2.90
45,Ka'Deem Carey,RB,9,CHI,SD,7,28,4,0,0,0,0,0,0,0,2.80
46,Aaron Ripkowski,FB,9,GB,CAR,0,0,0,0,1,1,18,0,0,0,2.80
47,Orleans Darkwa,RB,9,NYG,TB,6,23,4,0,0,0,0,0,0,0,2.30
48,Marcel Reece,FB,9,OAK,PIT,3,21,7,0,0,0,0,0,0,0,2.10
49,Kendall Gaskins,FB,9,SF,ATL,7,20,3,0,0,0,0,0,0,0,2.00
50,CJ Spiller,RB,9,NO,TEN,2,8,4,0,2,1,2,0,0,0,2.00
1,Jeremy Langford,RB,10,CHI,LA,20,73,4,1,9,7,109,1,0,0,40.20
2,Adrian Peterson,RB,10,MIN,OAK,26,203,8,1,3,2,13,0,0,0,32.60
3,Charcandrick West,RB,10,KC,DEN,24,69,3,1,5,3,92,1,0,0,31.10
4,Matt Jones,RB,10,WAS,NO,11,56,5,0,3,3,131,1,0,0,30.70
5,LeSean McCoy,RB,10,BUF,NYJ,19,112,6,0,5,5,47,0,0,0,23.90
6,Lamar Miller,RB,10,MIA,PHI,16,43,3,0,8,6,50,1,0,0,21.30
7,Todd Gurley,RB,10,LA,CHI,12,45,4,1,3,3,44,0,0,0,17.90
8,DeMarco Murray,RB,10,PHI,MIA,22,61,3,0,8,6,58,0,0,0,17.90
9,Andre Ellington,RB,10,ARI,SEA,5,61,12,1,4,3,27,0,0,0,17.80
10,LeGarrette Blount,RB,10,NE,NYG,19,66,4,1,2,2,11,0,0,0,15.70
11,James Starks,RB,10,GB,DET,15,42,3,0,7,6,54,0,0,0,15.60
12,Jonathan Stewart,RB,10,CAR,TEN,22,91,4,1,0,0,0,0,0,0,15.10
13,Chris Ivory,RB,10,NYJ,BUF,18,99,6,0,3,2,36,0,1,1,14.50
14,Doug Martin,RB,10,TB,DAL,18,63,4,0,4,4,40,0,0,0,14.30
15,Dexter McCluster,RB,10,TEN,CAR,3,25,8,1,5,4,27,0,1,1,14.20
16,Alfred Morris,RB,10,WAS,NO,15,92,6,0,3,3,14,0,0,0,13.60
17,Ronnie Hillman,RB,10,DEN,KC,11,42,4,1,4,2,9,0,0,0,13.10
18,Giovani Bernard,RB,10,CIN,HOU,8,36,5,0,8,5,43,0,0,0,12.90
19,Mark Ingram,RB,10,NO,WAS,5,77,15,0,4,3,21,0,0,0,12.80
20,Latavius Murray,RB,10,OAK,MIN,12,48,4,0,5,5,29,0,0,0,12.70
21,Marshawn Lynch,RB,10,SEA,ARI,8,42,5,1,2,1,8,0,0,0,12.00
22,Karlos Williams,RB,10,BUF,NYJ,7,24,3,0,1,1,26,1,0,0,12.00
23,Ryan Mathews,RB,10,PHI,MIA,8,18,2,1,3,2,22,0,0,0,12.00
24,TJ Yeldon,RB,10,JAX,BAL,18,61,3,0,6,5,6,0,0,0,11.70
25,Justin Forsett,RB,10,BAL,JAX,14,53,4,0,4,4,11,0,0,0,10.40
26,Kyle Juszczyk,FB,10,BAL,JAX,0,0,0,0,5,5,47,0,0,0,9.70
27,Jamize Olawale,FB,10,OAK,MIN,5,24,5,0,3,3,35,0,0,0,8.90
28,Darren McFadden,RB,10,DAL,TB,17,32,2,0,4,3,26,0,0,0,8.80
29,Chris Thompson,RB,10,WAS,NO,2,54,27,0,1,1,23,0,0,0,8.70
30,Darren Sproles,RB,10,PHI,MIA,3,0,0,0,6,5,34,0,0,0,8.40
31,DeAngelo Williams,RB,10,PIT,CLE,17,54,3,0,2,1,15,0,1,0,7.90
32,De'Anthony Thomas,RB,10,KC,DEN,0,0,0,0,5,4,37,0,0,0,7.70
33,Rashad Jennings,RB,10,NYG,NE,11,39,4,0,3,2,12,0,1,0,7.10
34,Duke Johnson,RB,10,CLE,PIT,4,10,3,0,4,4,18,0,0,0,6.80
35,Will Tukuafu,FB,10,SEA,ARI,2,2,1,1,0,0,0,0,0,0,6.20
36,Chris Johnson,RB,10,ARI,SEA,25,58,2,0,2,0,0,0,0,0,5.80
37,Theo Riddick,RB,10,DET,GB,3,1,0,0,3,3,25,0,0,0,5.60
38,Jonathan Grimes,RB,10,HOU,CIN,6,33,6,0,1,1,12,0,0,0,5.50
39,Joique Bell,RB,10,DET,GB,14,17,1,0,3,2,18,0,0,0,5.50
40,CJ Spiller,RB,10,NO,WAS,8,24,3,0,2,2,10,0,1,0,5.40
41,Charles Sims,RB,10,TB,DAL,5,18,4,0,5,2,13,0,0,0,5.10
42,Jeremy Hill,RB,10,CIN,HOU,7,15,2,0,3,3,5,0,0,0,5.00
43,Jay Ajayi,RB,10,MIA,PHI,6,48,8,0,0,0,0,0,0,0,4.80
44,Tre Mason,RB,10,LA,CHI,6,31,5,0,1,1,16,0,1,1,4.70
45,Tim Hightower,RB,10,NO,WAS,11,46,4,0,0,0,0,0,0,0,4.60
46,Ka'Deem Carey,RB,10,CHI,LA,14,56,4,0,0,0,0,0,1,1,4.60
47,Shane Vereen,RB,10,NYG,NE,4,14,4,0,4,2,12,0,0,0,4.60
48,Matt Asiata,RB,10,MIN,OAK,2,7,4,0,2,2,18,0,0,0,4.50
49,Alfred Blue,RB,10,HOU,CIN,12,22,2,0,1,1,9,0,0,0,4.10
50,Javorius Allen,RB,10,BAL,JAX,5,19,4,0,2,1,4,0,0,0,3.30
1,Thomas Rawls,RB,11,SEA,SF,30,209,7,1,3,3,46,1,0,0,43.50
2,Doug Martin,RB,11,TB,PHI,27,235,9,0,1,0,0,0,0,0,26.50
3,Giovani Bernard,RB,11,CIN,ARI,6,18,3,0,10,8,128,0,0,0,25.60
4,LeSean McCoy,RB,11,BUF,NE,20,82,4,1,10,6,41,0,0,0,24.30
5,Spencer Ware,RB,11,KC,SD,11,96,9,2,1,1,5,0,0,0,23.10
6,Jonathan Stewart,RB,11,CAR,WAS,21,102,5,0,1,1,12,1,0,0,21.40
7,Ahmad Bradshaw,RB,11,IND,ATL,9,32,4,0,4,4,20,2,0,0,21.20
8,Darren McFadden,RB,11,DAL,MIA,29,129,4,0,3,3,20,0,0,0,20.90
9,James White,RB,11,NE,BUF,2,14,7,1,3,2,32,1,0,0,18.60
10,Alfred Blue,RB,11,HOU,NYJ,21,58,3,0,3,3,34,1,0,0,18.20
11,Patrick DiMarco,FB,11,ATL,IND,0,0,0,0,4,3,21,2,0,0,17.10
12,Jeremy Hill,RB,11,CIN,ARI,13,45,4,2,0,0,0,0,0,0,16.50
13,Javorius Allen,RB,11,BAL,LA,22,67,3,0,6,5,48,0,0,0,16.50
14,Charles Sims,RB,11,TB,PHI,10,43,4,0,4,3,26,1,0,0,15.90
15,Shaun Draughn,RB,11,SF,SEA,12,37,3,0,11,8,40,0,1,0,15.70
16,Darren Sproles,RB,11,PHI,TB,6,21,4,0,7,3,38,1,0,0,14.90
17,Eddie Lacy,RB,11,GB,MIN,22,100,5,0,2,1,6,0,0,0,14.60
18,Ronnie Hillman,RB,11,DEN,CHI,21,102,5,0,1,1,2,0,0,0,14.40
19,Bilal Powell,RB,11,NYJ,HOU,4,22,6,0,7,5,67,0,0,0,13.90
20,Theo Riddick,RB,11,DET,OAK,6,14,2,0,6,5,72,0,0,0,13.60
21,Jeremy Langford,RB,11,CHI,DEN,13,25,2,1,6,3,17,0,0,0,13.20
22,Adrian Peterson,RB,11,MIN,GB,13,45,4,1,2,2,16,0,1,1,13.10
23,DeMarco Murray,RB,11,PHI,TB,13,64,5,0,5,4,27,0,1,1,12.10
24,Frank Gore,RB,11,IND,ATL,14,34,2,0,5,5,46,0,1,1,12.00
25,Todd Gurley,RB,11,LA,BAL,25,66,3,1,0,0,0,0,1,1,11.60
26,Antonio Andrews,RB,11,TEN,JAX,15,78,5,0,2,2,16,0,0,0,11.40
27,TJ Yeldon,RB,11,JAX,TEN,14,54,4,0,4,3,28,0,0,0,11.20
28,David Johnson,RB,11,ARI,CIN,2,9,5,0,2,2,17,1,1,0,10.60
29,Jonathan Grimes,RB,11,HOU,NYJ,6,37,6,0,3,3,28,0,0,0,9.50
30,CJ Anderson,RB,11,DEN,CHI,12,59,5,0,2,2,13,0,0,0,9.20
31,Mike Tolbert,FB,11,CAR,WAS,7,5,1,0,2,2,5,1,0,0,9.00
32,Latavius Murray,RB,11,OAK,DET,13,28,2,1,0,0,0,0,0,0,8.80
33,Charcandrick West,RB,11,KC,SD,11,16,2,0,2,2,48,0,0,0,8.40
34,Chris Johnson,RB,11,ARI,CIN,18,63,4,0,2,1,2,0,0,0,7.50
35,Lamar Miller,RB,11,MIA,DAL,7,44,6,0,3,2,11,0,0,0,7.50
36,LeGarrette Blount,RB,11,NE,BUF,16,56,4,0,2,1,5,0,0,0,7.10
37,Melvin Gordon,RB,11,SD,KC,15,37,3,0,1,1,12,0,0,0,5.90
38,Ameer Abdullah,RB,11,DET,OAK,12,44,4,0,2,1,2,0,0,0,5.60
39,Jay Ajayi,RB,11,MIA,DAL,4,13,3,0,2,2,23,0,0,0,5.60
40,Chris Ivory,RB,11,NYJ,HOU,8,36,5,0,1,1,9,0,0,0,5.50
41,James Starks,RB,11,GB,MIN,8,14,2,0,1,1,30,0,0,0,5.40
42,Joique Bell,RB,11,DET,OAK,6,22,4,0,1,1,18,0,0,0,5.00
43,Robert Turbin,RB,11,DAL,MIA,7,35,5,0,2,1,3,0,0,0,4.80
44,Terron Ward,RB,11,ATL,IND,2,2,1,0,4,3,16,0,0,0,4.80
45,Chris Thompson,RB,11,WAS,CAR,4,10,3,0,4,3,7,0,1,0,4.70
46,Devonta Freeman,RB,11,ATL,IND,3,43,14,0,0,0,0,0,0,0,4.30
47,Kyle Juszczyk,FB,11,BAL,LA,2,3,2,0,5,3,10,0,0,0,4.30
48,Fred Jackson,RB,11,SEA,SF,4,11,3,0,2,2,11,0,0,0,4.20
49,Tevin Coleman,RB,11,ATL,IND,17,48,3,0,2,0,0,0,1,1,3.80
50,Dexter McCluster,RB,11,TEN,JAX,2,0,0,0,2,2,18,0,0,0,3.80
1,Adrian Peterson,RB,12,MIN,ATL,29,158,5,2,4,2,29,0,0,0,35.70
2,CJ Anderson,RB,12,DEN,NE,15,113,8,2,4,4,40,0,0,0,34.30
3,Eddie Lacy,RB,12,GB,CHI,17,105,6,0,5,4,34,1,1,1,25.90
4,DeAngelo Williams,RB,12,PIT,SEA,8,29,4,1,7,7,88,0,0,0,24.70
5,Spencer Ware,RB,12,KC,BUF,19,114,6,1,3,3,1,0,0,0,23.50
6,Brandon Bolden,RB,12,NE,DEN,4,11,3,0,4,4,84,1,0,0,19.50
7,Javorius Allen,RB,12,BAL,CLE,12,55,5,0,5,4,29,1,0,0,18.40
8,Chris Ivory,RB,12,NYJ,MIA,21,87,4,1,2,2,15,0,0,0,18.20
9,LeSean McCoy,RB,12,BUF,KC,19,70,4,0,5,3,31,1,1,1,18.10
10,Theo Riddick,RB,12,DET,PHI,2,6,3,0,5,5,62,1,0,0,17.80
11,Joique Bell,RB,12,DET,PHI,7,25,4,1,3,2,57,0,0,0,16.20
12,Mark Ingram,RB,12,NO,HOU,9,52,6,0,8,6,45,0,0,0,15.70
13,Alfred Blue,RB,12,HOU,NO,16,77,5,1,1,1,4,0,0,0,15.10
14,Thomas Rawls,RB,12,SEA,PIT,21,81,4,1,1,0,0,0,0,0,14.10
15,Shaun Draughn,RB,12,SF,ARI,15,51,3,0,5,5,35,0,0,0,13.60
16,Tevin Coleman,RB,12,ATL,MIN,18,110,6,0,2,0,0,0,1,1,13.00
17,Melvin Gordon,RB,12,SD,JAX,14,60,4,0,5,5,20,0,0,0,13.00
18,Ronnie Hillman,RB,12,DEN,NE,14,59,4,1,1,1,0,0,1,0,12.90
19,Jeremy Langford,RB,12,CHI,GB,12,48,4,1,3,1,5,0,0,0,12.30
20,TJ Yeldon,RB,12,JAX,SD,9,36,4,0,5,4,46,0,0,0,12.20
21,James Starks,RB,12,GB,CHI,7,39,6,0,5,4,41,0,0,0,12.00
22,Darren McFadden,RB,12,DAL,CAR,10,11,1,0,6,4,45,0,0,0,11.60
23,Jeremy Hill,RB,12,CIN,LA,16,86,5,0,1,1,14,0,0,0,11.00
24,David Johnson,RB,12,ARI,SF,8,21,3,1,4,2,8,0,0,0,10.90
25,Doug Martin,RB,12,TB,IND,14,97,7,0,3,1,1,0,0,0,10.80
26,Jonathan Stewart,RB,12,CAR,DAL,21,68,3,0,4,3,9,0,0,0,10.70
27,Danny Woodhead,RB,12,SD,JAX,4,8,2,0,6,6,39,0,0,0,10.70
28,Tre Mason,RB,12,LA,CIN,1,-2,-2,0,7,7,37,0,0,0,10.50
29,Alfred Morris,RB,12,WAS,NYG,23,78,3,0,1,1,12,0,0,0,10.00
30,Duke Johnson,RB,12,CLE,BAL,7,27,4,0,6,5,23,0,0,0,10.00
31,Jay Ajayi,RB,12,MIA,NYJ,3,6,2,0,6,4,52,0,0,0,9.80
32,Latavius Murray,RB,12,OAK,TEN,22,59,3,0,3,1,23,0,0,0,9.20
33,Giovani Bernard,RB,12,CIN,LA,10,16,2,0,3,2,51,0,1,0,8.70
34,Ameer Abdullah,RB,12,DET,PHI,16,63,4,0,2,1,12,0,0,0,8.50
35,Andre Ellington,RB,12,ARI,SF,5,24,5,0,5,3,22,0,0,0,7.60
36,Shane Vereen,RB,12,NYG,WAS,2,15,8,0,5,4,21,0,0,0,7.60
37,Matt Jones,RB,12,WAS,NYG,8,19,2,0,1,1,45,0,0,0,7.40
38,Jalston Fowler,RB,12,TEN,OAK,1,1,1,0,1,1,1,1,0,0,7.20
39,Charles Sims,RB,12,TB,IND,4,8,2,0,3,3,31,0,0,0,6.90
40,Darren Sproles,RB,12,PHI,DET,2,4,2,0,6,4,21,0,0,0,6.50
41,Matt Forte,RB,12,CHI,GB,15,44,3,0,1,1,9,0,0,0,6.30
42,Frank Gore,RB,12,IND,TB,19,24,1,0,3,2,13,0,0,0,5.70
43,Antonio Andrews,RB,12,TEN,OAK,11,32,3,0,2,1,14,0,0,0,5.60
44,Ahmad Bradshaw,RB,12,IND,TB,4,6,2,0,4,3,20,0,0,0,5.60
45,Bilal Powell,RB,12,NYJ,MIA,6,28,5,0,5,2,7,0,0,0,5.50
46,Matt Asiata,RB,12,MIN,ATL,1,3,3,0,3,3,17,0,0,0,5.00
47,Rashad Jennings,RB,12,NYG,WAS,6,14,2,0,3,2,14,0,0,0,4.80
48,Jonathan Grimes,RB,12,HOU,NO,7,25,4,0,1,1,8,0,0,0,4.30
49,Lamar Miller,RB,12,MIA,NYJ,5,2,0,0,4,3,11,0,0,0,4.30
50,Denard Robinson,RB,12,JAX,SD,3,23,8,0,1,1,9,0,0,0,4.20
1,Javorius Allen,RB,13,BAL,MIA,17,63,4,0,13,12,107,1,0,0,38.00
2,James White,RB,13,NE,PHI,2,4,2,0,13,10,115,1,0,0,30.90
3,Bilal Powell,RB,13,NYJ,NYG,6,17,3,0,13,8,91,1,0,0,24.80
4,TJ Yeldon,RB,13,JAX,TEN,15,57,4,1,4,4,79,0,0,0,23.60
5,DeAngelo Williams,RB,13,PIT,IND,26,134,5,0,6,5,31,0,2,1,23.50
6,Matt Forte,RB,13,CHI,SF,21,84,4,1,5,5,39,0,0,0,23.30
7,Thomas Rawls,RB,13,SEA,MIN,19,101,5,1,3,3,22,0,1,1,23.30
8,Devonta Freeman,RB,13,ATL,TB,14,47,3,0,11,10,56,0,0,0,20.30
9,David Johnson,RB,13,ARI,LA,22,99,5,0,3,2,21,1,1,0,20.00
10,Darren Sproles,RB,13,PHI,NE,15,66,4,0,6,4,34,0,0,0,20.00
11,Mark Ingram,RB,13,NO,CAR,12,56,5,1,6,4,23,0,1,0,19.90
12,Latavius Murray,RB,13,OAK,KC,20,86,4,1,6,4,11,0,2,0,19.70
13,Shaun Draughn,RB,13,SF,CHI,13,36,3,1,6,5,50,0,0,0,19.60
14,Jonathan Stewart,RB,13,CAR,NO,21,82,4,1,3,3,31,0,1,1,19.30
15,Frank Gore,RB,13,IND,PIT,13,45,4,0,5,3,49,1,0,0,18.40
16,Doug Martin,RB,13,TB,ATL,25,95,4,1,2,1,5,0,1,1,16.00
17,Jeremy Hill,RB,13,CIN,CLE,22,98,5,1,1,0,0,0,0,0,15.80
18,Lamar Miller,RB,13,MIA,BAL,20,113,6,0,2,1,5,0,1,1,14.80
19,Chris Polk,RB,13,HOU,BUF,12,61,5,0,1,1,11,1,0,0,14.20
20,LeSean McCoy,RB,13,BUF,HOU,21,112,5,0,1,0,0,0,0,0,14.20
21,Antonio Andrews,RB,13,TEN,JAX,13,58,5,1,1,1,10,0,0,0,13.80
22,Mike Tolbert,FB,13,CAR,NO,2,33,17,0,3,2,18,1,0,0,13.10
23,Kerwynn Williams,RB,13,ARI,LA,6,59,10,1,0,0,0,0,0,0,11.90
24,James Starks,RB,13,GB,DET,9,15,2,0,7,5,45,0,2,0,11.00
25,Darren McFadden,RB,13,DAL,WAS,14,53,4,1,1,1,6,0,2,2,10.90
26,Chris Ivory,RB,13,NYJ,NYG,10,47,5,0,5,5,22,0,1,1,10.90
27,Spencer Ware,RB,13,KC,OAK,7,26,4,1,2,2,-1,0,0,0,10.50
28,Fred Jackson,RB,13,SEA,MIN,1,5,5,0,2,2,13,1,0,0,9.80
29,Charles Sims,RB,13,TB,ATL,7,56,8,0,3,2,21,0,0,0,9.70
30,Jeremy Langford,RB,13,CHI,SF,12,59,5,0,3,2,9,0,0,0,8.80
31,Jonathan Grimes,RB,13,HOU,BUF,5,28,6,0,2,2,15,0,0,0,8.30
32,Theo Riddick,RB,13,DET,GB,1,4,4,0,6,5,27,0,0,0,8.10
33,Ka'Deem Carey,RB,13,CHI,SF,5,17,3,1,0,0,0,0,0,0,7.70
34,Isaiah Crowell,RB,13,CLE,CIN,11,62,6,0,1,1,2,0,0,0,7.40
35,Duke Johnson,RB,13,CLE,CIN,5,2,0,0,4,4,30,0,0,0,7.20
36,Ameer Abdullah,RB,13,DET,GB,13,67,5,0,1,0,0,0,0,0,6.70
37,Donald Brown,RB,13,SD,DEN,7,26,4,0,1,1,31,0,1,0,6.70
38,CJ Anderson,RB,13,DEN,SD,7,42,6,0,1,1,12,0,0,0,6.40
39,Matt Jones,RB,13,WAS,DAL,18,49,3,0,1,1,5,0,0,0,6.40
40,Charcandrick West,RB,13,KC,OAK,9,35,4,0,3,2,9,0,0,0,6.40
41,Danny Woodhead,RB,13,SD,DEN,3,10,3,0,7,3,24,0,0,0,6.40
42,Chris Thompson,RB,13,WAS,DAL,1,6,6,0,4,4,18,0,0,0,6.40
43,Adrian Peterson,RB,13,MIN,SEA,8,18,2,0,4,4,6,0,0,0,6.40
44,Melvin Gordon,RB,13,SD,DEN,12,55,5,0,1,1,8,0,2,1,6.30
45,Ronnie Hillman,RB,13,DEN,SD,19,56,3,0,1,0,0,0,0,0,5.60
46,Mike Gillislee,RB,13,BUF,HOU,7,41,6,0,1,1,5,0,0,0,5.60
47,Kenjon Barner,RB,13,PHI,NE,9,39,4,0,2,2,7,0,1,1,5.60
48,LeGarrette Blount,RB,13,NE,PHI,13,54,4,0,0,0,0,0,0,0,5.40
49,Dan Herron,RB,13,IND,PIT,2,8,4,0,3,3,16,0,0,0,5.40
50,Jerick McKinnon,RB,13,MIN,SEA,4,18,5,0,6,3,6,0,0,0,5.40
1,Isaiah Crowell,RB,14,CLE,SF,20,145,7,2,1,1,9,0,0,0,31.40
2,Todd Gurley,RB,14,LA,DET,16,140,9,2,2,1,7,0,0,0,30.70
3,James Starks,RB,14,GB,DAL,11,71,7,1,4,4,32,1,0,0,26.30
4,Eddie Lacy,RB,14,GB,DAL,24,124,5,1,1,1,24,0,0,0,24.80
5,DeAngelo Williams,RB,14,PIT,CIN,23,76,3,2,2,2,15,0,0,0,23.10
6,Lamar Miller,RB,14,MIA,NYG,12,89,7,2,0,0,0,0,0,0,20.90
7,Bilal Powell,RB,14,NYJ,TEN,3,36,12,0,5,5,46,1,0,0,19.20
8,David Johnson,RB,14,ARI,MIN,19,92,5,0,7,5,31,0,0,0,17.30
9,Tim Hightower,RB,14,NO,TB,28,85,3,1,1,1,10,0,0,0,16.50
10,Jonathan Stewart,RB,14,CAR,ATL,10,75,8,1,1,1,14,0,0,0,15.90
11,Denard Robinson,RB,14,JAX,IND,14,75,5,1,2,1,12,0,0,0,15.70
12,Doug Martin,RB,14,TB,NO,11,81,7,1,3,1,5,0,0,0,15.60
13,LeSean McCoy,RB,14,BUF,PHI,20,74,4,0,7,4,35,0,0,0,14.90
14,Chris Ivory,RB,14,NYJ,TEN,22,101,5,0,2,1,6,0,0,0,14.70
15,Adrian Peterson,RB,14,MIN,ARI,23,69,3,1,1,1,17,0,1,1,14.60
16,Darren McFadden,RB,14,DAL,GB,9,111,12,0,2,0,0,0,0,0,14.10
17,James White,RB,14,NE,HOU,1,2,2,1,6,4,38,0,0,0,14.00
18,Charles Sims,RB,14,TB,NO,5,10,2,0,8,6,64,0,0,0,13.40
19,Theo Riddick,RB,14,DET,LA,3,18,6,0,11,7,44,0,0,0,13.20
20,Ronnie Hillman,RB,14,DEN,OAK,12,20,2,0,9,7,41,0,1,0,13.10
21,Darren Sproles,RB,14,PHI,BUF,7,41,6,1,3,2,4,0,0,0,12.50
22,Matt Forte,RB,14,CHI,WAS,10,45,5,1,2,1,8,0,0,0,12.30
23,Rashad Jennings,RB,14,NYG,MIA,22,81,4,0,2,2,21,0,0,0,12.20
24,Robert Turbin,RB,14,DAL,GB,7,51,7,1,0,0,0,0,0,0,11.10
25,Dexter McCluster,RB,14,TEN,NYJ,4,12,3,0,5,4,38,0,0,0,11.00
26,Matt Jones,RB,14,WAS,CHI,18,62,3,0,3,2,24,0,1,0,10.60
27,Melvin Gordon,RB,14,SD,KC,14,35,3,0,4,4,28,0,0,0,10.30
28,Mike Gillislee,RB,14,BUF,PHI,3,24,8,1,1,1,6,0,0,0,10.00
29,Fozzy Whittaker,RB,14,CAR,ATL,8,34,4,1,1,1,-6,0,0,0,9.80
30,Javorius Allen,RB,14,BAL,SEA,8,14,2,0,9,5,44,0,1,1,9.80
31,Giovani Bernard,RB,14,CIN,PIT,6,40,7,0,5,3,27,0,0,0,9.70
32,Zurlon Tipton,RB,14,IND,JAX,1,7,7,0,5,4,50,0,0,0,9.70
33,Joique Bell,RB,14,DET,LA,7,50,7,0,2,2,25,0,0,0,9.50
34,Duke Johnson,RB,14,CLE,SF,13,78,6,0,3,1,6,0,0,0,9.40
35,Jeremy Langford,RB,14,CHI,WAS,11,37,3,0,7,3,27,0,0,0,9.40
36,Alfred Morris,RB,14,WAS,CHI,11,24,2,1,1,0,0,0,0,0,8.40
37,Jonathan Grimes,RB,14,HOU,NE,7,53,8,0,2,2,9,0,0,0,8.20
38,Devonta Freeman,RB,14,ATL,CAR,12,40,3,0,5,3,22,0,1,1,8.20
39,Antonio Andrews,RB,14,TEN,NYJ,4,8,2,0,2,1,6,0,0,0,8.04
40,Rex Burkhead,RB,14,CIN,PIT,0,0,0,0,1,1,5,1,0,0,7.50
41,TJ Yeldon,RB,14,JAX,IND,11,62,6,0,1,1,1,0,0,0,7.30
42,Shaun Draughn,RB,14,SF,CLE,11,43,4,0,3,2,8,0,0,0,7.10
43,Frank Gore,RB,14,IND,JAX,16,60,4,0,5,1,-1,0,0,0,6.90
44,Juwan Thompson,RB,14,DEN,OAK,5,8,2,0,6,4,21,0,0,0,6.90
45,Chris Polk,RB,14,HOU,NE,11,34,3,0,2,2,14,0,0,0,6.80
46,Ameer Abdullah,RB,14,DET,LA,7,23,3,0,2,2,21,0,0,0,6.40
47,Ryan Mathews,RB,14,PHI,BUF,13,38,3,0,2,2,4,0,0,0,6.20
48,DeMarco Murray,RB,14,PHI,BUF,11,34,3,0,2,2,3,0,0,0,5.70
49,Charcandrick West,RB,14,KC,SD,10,54,5,0,1,0,0,0,0,0,5.40
50,Travaris Cadet,RB,14,SF,CLE,2,6,3,0,2,2,28,0,0,0,5.40
1,David Johnson,RB,15,ARI,PHI,29,187,6,3,4,4,42,0,0,0,47.90
2,Danny Woodhead,RB,15,SD,MIA,8,10,1,1,6,6,50,3,0,0,36.00
3,Devonta Freeman,RB,15,ATL,JAX,25,56,2,1,10,7,45,0,0,0,23.10
4,Matt Forte,RB,15,CHI,MIN,8,47,6,0,7,6,57,1,0,0,22.40
5,Shane Vereen,RB,15,NYG,CAR,4,29,7,0,10,8,43,1,0,0,21.20
6,Bilal Powell,RB,15,NYJ,DAL,6,25,4,1,7,7,54,0,0,0,20.90
7,James White,RB,15,NE,TEN,1,6,6,0,8,7,71,1,0,0,20.70
8,Rashad Jennings,RB,15,NYG,CAR,16,107,7,1,3,1,0,0,1,1,19.70
9,Jerick McKinnon,RB,15,MIN,CHI,7,10,1,0,4,4,76,1,0,0,18.60
10,Joique Bell,RB,15,DET,NO,8,71,9,1,3,2,30,0,1,0,18.10
11,Denard Robinson,RB,15,JAX,ATL,14,41,3,0,10,8,46,0,2,0,16.70
12,DeAngelo Williams,RB,15,PIT,DEN,14,26,2,1,6,5,30,0,0,0,16.60
13,Charcandrick West,RB,15,KC,BAL,16,76,5,1,2,2,9,0,0,0,16.50
14,Mike Gillislee,RB,15,BUF,WAS,4,81,20,1,2,2,2,0,0,0,16.30
15,Darren McFadden,RB,15,DAL,NYJ,16,100,6,0,3,2,13,0,0,0,16.30
16,Todd Gurley,RB,15,LA,TB,21,48,2,1,2,2,31,0,0,0,15.90
17,Ameer Abdullah,RB,15,DET,NO,9,77,9,1,2,2,12,0,1,1,15.90
18,Jeremy Hill,RB,15,CIN,SF,19,31,2,2,1,0,0,0,1,1,14.10
19,Kyle Juszczyk,FB,15,BAL,KC,0,0,0,0,6,5,26,1,0,0,13.60
20,Duke Johnson,RB,15,CLE,SEA,4,46,12,0,5,5,39,0,1,0,13.50
21,Alfred Blue,RB,15,HOU,IND,20,107,5,0,0,0,0,0,1,1,12.70
22,Donald Brown,RB,15,SD,MIA,12,90,8,0,3,2,14,0,0,0,12.40
23,Antonio Andrews,RB,15,TEN,NE,14,45,3,0,6,5,25,0,0,0,12.00
24,Tim Hightower,RB,15,NO,DET,13,54,4,0,4,3,31,0,0,0,11.50
25,Cameron Artis-Payne,RB,15,CAR,NYG,14,59,4,0,2,2,34,0,0,0,11.30
26,Jay Ajayi,RB,15,MIA,SD,6,27,5,1,3,1,15,0,0,0,11.20
27,Kendall Gaskins,FB,15,SF,CIN,2,0,0,0,7,6,52,0,0,0,11.20
28,Doug Martin,RB,15,TB,LA,18,91,5,0,2,1,6,0,0,0,10.70
29,Charles Sims,RB,15,TB,LA,7,50,7,0,3,3,22,0,0,0,10.20
30,Giovani Bernard,RB,15,CIN,SF,14,33,2,0,4,4,18,0,0,0,9.10
31,Latavius Murray,RB,15,OAK,GB,21,78,4,0,2,1,2,0,0,0,9.00
32,Michael Burton,FB,15,DET,NO,0,0,0,0,2,2,10,1,0,0,9.00
33,Alfred Morris,RB,15,WAS,BUF,14,84,6,0,0,0,0,0,0,0,8.40
34,Christine Michael,RB,15,SEA,CLE,16,84,5,0,0,0,0,0,0,0,8.40
35,Bruce Miller,FB,15,SF,CIN,2,3,2,1,1,1,10,0,0,0,8.30
36,Zach Line,FB,15,MIN,CHI,1,3,3,0,2,1,4,1,0,0,7.70
37,Travaris Cadet,RB,15,SF,CIN,2,4,2,0,6,4,32,0,0,0,7.60
38,Brandon Bolden,RB,15,NE,TEN,10,36,4,0,3,2,18,0,0,0,7.40
39,John Kuhn,FB,15,GB,OAK,3,12,4,1,1,0,0,0,0,0,7.20
40,Frank Gore,RB,15,IND,HOU,16,44,3,0,2,1,15,0,0,0,6.90
41,Jeremy Langford,RB,15,CHI,MIN,11,46,4,0,3,1,11,0,0,0,6.70
42,Marcel Reece,FB,15,OAK,GB,0,0,0,0,3,3,37,0,0,0,6.70
43,Terrance West,RB,15,BAL,KC,7,35,5,0,2,2,11,0,0,0,6.60
44,Adrian Peterson,RB,15,MIN,CHI,18,63,4,0,0,0,0,0,0,0,6.30
45,Ryan Mathews,RB,15,PHI,ARI,11,58,5,0,2,1,3,0,1,1,6.10
46,Isaiah Crowell,RB,15,CLE,SEA,9,23,3,0,3,3,7,0,0,0,6.00
47,Melvin Gordon,RB,15,SD,MIA,15,41,3,0,1,1,6,0,0,0,5.70
48,Kerwynn Williams,RB,15,ARI,PHI,6,34,6,0,1,1,12,0,0,0,5.60
49,James Starks,RB,15,GB,OAK,9,51,6,0,1,1,5,0,1,1,5.60
50,Darren Sproles,RB,15,PHI,ARI,6,9,2,0,4,3,16,0,0,0,5.50
1,DeAngelo Williams,RB,16,PIT,BAL,17,100,6,2,6,6,53,0,1,1,35.30
2,Tim Hightower,RB,16,NO,JAX,27,122,5,2,3,3,47,0,0,0,34.90
3,Jerick McKinnon,RB,16,MIN,NYG,7,89,13,2,3,2,8,0,0,0,23.70
4,Frank Gore,RB,16,IND,MIA,15,85,6,2,4,2,10,0,0,0,23.50
5,Latavius Murray,RB,16,OAK,SD,19,79,4,1,5,5,38,0,0,0,22.70
6,Javorius Allen,RB,16,BAL,PIT,17,77,5,1,5,5,35,0,0,0,22.20
7,Adrian Peterson,RB,16,MIN,NYG,22,104,5,1,2,1,15,0,0,0,21.90
8,David Johnson,RB,16,ARI,GB,9,39,4,1,6,3,88,0,0,0,21.70
9,Charles Sims,RB,16,TB,CHI,4,45,11,0,5,3,72,1,0,0,20.70
10,Mike Gillislee,RB,16,BUF,DAL,9,93,10,1,2,2,16,0,0,0,18.90
11,Danny Woodhead,RB,16,SD,OAK,11,55,5,0,10,8,53,0,0,0,18.80
12,Devonta Freeman,RB,16,ATL,CAR,22,73,3,1,5,3,17,0,0,0,18.00
13,Lamar Miller,RB,16,MIA,IND,15,31,2,1,6,5,36,0,0,0,17.70
14,Karlos Williams,RB,16,BUF,DAL,17,76,5,1,2,2,21,0,1,1,16.70
15,Travaris Cadet,RB,16,NO,JAX,1,6,6,0,5,3,69,1,0,0,16.50
16,Todd Gurley,RB,16,LA,SEA,19,83,4,1,1,1,7,0,1,0,16.00
17,Pierre Thomas,RB,16,WAS,PHI,4,22,6,0,8,7,67,0,0,0,15.90
18,Eddie Lacy,RB,16,GB,ARI,12,60,5,0,2,1,28,1,0,0,15.80
19,Rashad Jennings,RB,16,NYG,MIN,14,74,5,0,3,2,62,0,0,0,15.60
20,Theo Riddick,RB,16,DET,SF,7,20,3,0,8,7,63,0,0,0,15.30
21,Isaiah Crowell,RB,16,CLE,KC,16,88,6,1,0,0,0,0,0,0,14.80
22,Ka'Deem Carey,RB,16,CHI,TB,7,16,2,1,1,1,1,1,0,0,14.70
23,James White,RB,16,NE,NYJ,2,4,2,0,5,5,28,1,0,0,14.20
24,CJ Anderson,RB,16,DEN,CIN,9,73,8,1,2,1,8,0,1,1,14.10
25,DeMarco Murray,RB,16,PHI,WAS,5,27,5,1,4,3,24,0,0,0,14.10
26,Donald Brown,RB,16,SD,OAK,14,17,1,1,4,3,33,0,0,0,14.00
27,Bilal Powell,RB,16,NYJ,NE,7,56,8,0,7,5,34,0,1,0,14.00
28,Darren Sproles,RB,16,PHI,WAS,5,9,2,0,9,7,56,0,1,0,13.50
29,Denard Robinson,RB,16,JAX,NO,6,20,3,0,7,5,50,0,0,0,12.00
30,Ronnie Hillman,RB,16,DEN,CIN,9,35,4,0,4,4,37,0,0,0,11.20
31,Brandon Bolden,RB,16,NE,NYJ,9,30,3,0,7,5,30,0,0,0,11.00
32,Darren McFadden,RB,16,DAL,BUF,19,99,5,0,1,1,-1,0,0,0,10.80
33,Matt Forte,RB,16,CHI,TB,11,54,5,0,4,3,23,0,0,0,10.70
34,Doug Martin,RB,16,TB,CHI,17,49,3,1,3,1,6,0,2,2,10.50
35,Kyle Juszczyk,FB,16,BAL,PIT,0,0,0,0,7,5,55,0,0,0,10.50
36,Fred Jackson,RB,16,SEA,LA,2,11,6,0,8,5,43,0,0,0,10.40
37,Joique Bell,RB,16,DET,SF,7,13,2,1,3,2,9,0,0,0,10.20
38,Ryan Mathews,RB,16,PHI,WAS,4,5,1,1,3,2,13,0,0,0,9.80
39,Jarryd Hayne,RB,16,SF,DET,9,27,3,0,6,5,20,0,0,0,9.70
40,DuJuan Harris,RB,16,SF,DET,11,73,7,0,2,1,11,0,0,0,9.40
41,Ameer Abdullah,RB,16,DET,SF,8,39,5,0,4,4,9,0,0,0,8.80
42,Bishop Sankey,RB,16,TEN,HOU,2,11,6,0,4,3,43,0,0,0,8.40
43,Jeremy Langford,RB,16,CHI,TB,19,83,4,0,2,0,0,0,0,0,8.30
44,Giovani Bernard,RB,16,CIN,DEN,8,14,2,0,5,4,29,0,0,0,8.30
45,Chris Thompson,RB,16,WAS,PHI,0,0,0,0,1,1,12,1,0,0,8.20
46,Chris Ivory,RB,16,NYJ,NE,11,38,4,0,4,4,4,0,1,0,8.20
47,Jeremy Hill,RB,16,CIN,DEN,19,63,3,0,2,2,-2,0,0,0,8.10
48,Charcandrick West,RB,16,KC,CLE,14,62,4,0,1,1,-1,0,0,0,7.10
49,Duke Johnson,RB,16,CLE,KC,8,26,3,0,4,3,15,0,0,0,7.10
50,Cameron Artis-Payne,RB,16,CAR,ATL,5,49,10,0,1,1,7,0,0,0,6.60
1,Rashad Jennings,RB,17,NYG,PHI,27,170,6,1,5,2,6,0,0,0,28.60
2,Ronnie Hillman,RB,17,DEN,SD,15,117,8,1,3,2,10,0,0,0,23.70
3,DuJuan Harris,RB,17,SF,LA,16,67,4,0,12,8,86,0,0,0,23.30
4,Tim Hightower,RB,17,NO,ATL,16,66,4,1,5,5,41,0,0,0,21.70
5,Jonathan Grimes,RB,17,HOU,JAX,4,26,7,1,5,4,28,1,0,0,21.40
6,Matt Forte,RB,17,CHI,DET,17,76,5,0,3,3,34,1,0,0,20.00
7,Jeremy Hill,RB,17,CIN,BAL,16,96,6,1,3,2,19,0,0,0,19.50
8,Darren McFadden,RB,17,DAL,WAS,12,92,8,0,8,5,53,0,1,1,18.50
9,Charles Sims,RB,17,TB,CAR,4,15,4,0,11,9,74,0,0,0,17.90
10,Doug Martin,RB,17,TB,CAR,15,48,3,0,7,7,60,0,0,0,17.80
11,Devonta Freeman,RB,17,ATL,NO,25,76,3,0,4,2,18,1,1,1,16.40
12,CJ Anderson,RB,17,DEN,SD,15,95,6,1,3,1,-5,0,1,1,15.00
13,Alfred Blue,RB,17,HOU,JAX,21,102,5,0,1,1,2,0,0,0,14.40
14,Shane Vereen,RB,17,NYG,PHI,4,12,3,0,8,6,72,0,0,0,14.40
15,Danny Woodhead,RB,17,SD,DEN,5,11,2,0,10,8,51,0,0,0,14.20
16,Cameron Artis-Payne,RB,17,CAR,TB,14,44,3,1,2,2,17,0,0,0,14.10
17,Adrian Peterson,RB,17,MIN,GB,19,67,4,1,1,1,1,0,0,0,13.80
18,Spencer Ware,RB,17,KC,OAK,16,76,5,1,0,0,0,0,0,0,13.60
19,Darren Sproles,RB,17,PHI,NYG,3,24,8,1,3,3,20,0,0,0,13.40
20,David Cobb,RB,17,TEN,IND,19,73,4,1,0,0,0,0,0,0,13.30
21,Travaris Cadet,RB,17,NO,ATL,3,6,2,0,6,6,77,0,1,1,13.30
22,Christine Michael,RB,17,SEA,ARI,17,102,6,0,1,0,0,0,0,0,13.20
23,Alfred Morris,RB,17,WAS,DAL,19,100,5,0,0,0,0,0,0,0,13.00
24,Javorius Allen,RB,17,BAL,CIN,15,38,3,0,10,6,32,0,0,0,13.00
25,Steven Jackson,RB,17,NE,MIA,14,35,3,1,1,1,20,0,0,0,12.50
26,DeMarco Murray,RB,17,PHI,NYG,12,69,6,1,1,0,0,0,1,1,11.90
27,Karlos Williams,RB,17,BUF,NYJ,6,24,4,1,3,3,3,0,0,0,11.70
28,Donald Brown,RB,17,SD,DEN,21,81,4,0,3,2,10,0,0,0,11.10
29,Tre Mason,RB,17,LA,SF,18,44,2,1,0,0,0,0,1,0,10.40
30,Benjamin Cunningham,RB,17,LA,SF,4,38,10,0,3,3,34,0,0,0,10.20
31,Kyle Juszczyk,FB,17,BAL,CIN,0,0,0,0,2,2,18,1,0,0,9.80
32,Latavius Murray,RB,17,OAK,KC,11,31,3,0,6,4,25,0,0,0,9.60
33,David Johnson,RB,17,ARI,SEA,11,25,2,0,8,3,34,0,0,0,8.90
34,Kenjon Barner,RB,17,PHI,NYG,5,18,4,0,5,5,21,0,0,0,8.90
35,James White,RB,17,NE,MIA,3,5,2,0,3,2,63,0,0,0,8.80
36,Duke Johnson,RB,17,CLE,PIT,4,11,3,0,6,4,34,0,0,0,8.50
37,Chris Ivory,RB,17,NYJ,BUF,6,81,14,0,0,0,0,0,0,0,8.10
38,Bryce Brown,RB,17,SEA,ARI,9,20,2,1,0,0,0,0,0,0,8.00
39,Damien Williams,RB,17,MIA,NE,3,11,4,0,3,3,38,0,0,0,7.90
40,Joique Bell,RB,17,DET,CHI,3,9,3,0,2,2,49,0,0,0,7.80
41,Jerick McKinnon,RB,17,MIN,GB,4,15,4,0,4,3,33,0,0,0,7.80
42,Will Tukuafu,FB,17,SEA,ARI,0,0,0,0,1,1,7,1,0,0,7.70
43,Frank Gore,RB,17,IND,TEN,19,76,4,0,4,0,0,0,0,0,7.60
44,Mike Tolbert,FB,17,CAR,TB,10,59,6,0,1,1,5,0,0,0,7.40
45,Lamar Miller,RB,17,MIA,NE,19,60,3,0,2,1,3,0,0,0,7.30
46,Theo Riddick,RB,17,DET,CHI,2,4,2,0,5,4,29,0,0,0,7.30
47,James Starks,RB,17,GB,MIN,8,24,3,0,3,3,18,0,0,0,7.20
48,Mike Davis,RB,17,SF,LA,10,34,3,0,3,2,15,0,0,0,6.90
49,Akeem Hunt,RB,17,HOU,JAX,3,28,9,0,3,1,27,0,0,0,6.50
50,Ameer Abdullah,RB,17,DET,CHI,10,44,4,0,1,1,7,0,0,0,6.10
