team,week,home/away,opening_spread,closing_spread,opening_OU,closing_OU,spread_pct,ML_pct,over_pct,total_wins,total_losses,HA_wins,HA_losses,streak
New England Patriots,1,home,,-7,,51,64,66,69,0,0,0,0,-1
Pittsburgh Steelers,1,away,,7,,51,36,34,69,0,0,0,0,-2
Chicago Bears,1,home,4,6.5,50.0,48.5,22,25,79,0,0,0,0,1
Green Bay Packers,1,away,-4,-6.5,50.0,48.5,78,75,79,0,0,0,0,1
Houston Texans,1,home,4,1,-1.5,40.5,42,41,32,0,0,0,0,-1
Kansas City Chiefs,1,away,-4,-1,-1.5,40.5,58,59,32,0,0,0,0,4
New York Jets,1,home,-1,-3.5,41.0,38.5,71,81,27,0,0,0,0,3
Cleveland Browns,1,away,1,3.5,41.0,38.5,29,19,27,0,0,0,0,-1
Buffalo Bills,1,home,3,1,48.0,44.5,26,50,57,0,0,0,0,-1
Indianapolis Colts,1,away,-3,-1,48.0,44.5,74,50,57,0,0,0,0,-1
Washington Redskins,1,home,2.5,4,44.5,45.5,14,15,42,0,0,0,0,-1
Miami Dolphins,1,away,-2.5,-4,44.5,45.5,86,85,42,0,0,0,0,-1
Jacksonville Jaguars,1,home,4,3,43.5,41,57,50,29,0,0,0,0,1
Carolina Panthers,1,away,-4,-3,43.5,41,43,50,29,0,0,0,0,1
Los Angeles Rams,1,home,3.5,3.5,44.0,41,41,39,38,0,0,0,0,-4
Seattle Seahawks,1,away,-3.5,-3.5,44.0,41,59,61,38,0,0,0,0,2
Arizona Cardinals,1,home,-2.5,-2.5,48.0,49,75,63,57,0,0,0,0,2
New Orleans Saints,1,away,2.5,2.5,48.0,49,25,37,57,0,0,0,0,-4
San Diego Chargers,1,home,-2,-3.5,46.5,45.5,47,28,77,0,0,0,0,-2
Detroit Lions,1,away,2,3.5,46.5,45.5,53,72,77,0,0,0,0,2
Tampa Bay Buccaneers,1,home,-3,-3,42.5,40.5,55,58,61,0,0,0,0,1
Tennessee Titans,1,away,3,3,42.5,40.5,45,42,61,0,0,0,0,1
Oakland Raiders,1,home,3,3,44.5,43,37,36,74,0,0,0,0,-3
Cincinnati Bengals,1,away,-3,-3,44.5,43,63,64,74,0,0,0,0,2
Denver Broncos,1,home,-4,-4.5,53.0,46.5,67,89,77,0,0,0,0,-1
Baltimore Ravens,1,away,4,4.5,53.0,46.5,33,11,77,0,0,0,0,-3
Dallas Cowboys,1,home,-5.5,-7,50.0,52,60,63,63,0,0,0,0,1
New York Giants,1,away,5.5,7,50.0,52,40,37,63,0,0,0,0,1
Atlanta Falcons,1,home,1.5,3,53.5,56,31,19,69,0,0,0,0,1
Philadelphia Eagles,1,away,-1.5,-3,53.5,56,69,81,69,0,0,0,0,-1
San Francisco 49ers,1,home,1.5,2.5,-3.5,42,27,31,71,0,0,0,0,1
Minnesota Vikings,1,away,-1.5,-2.5,-3.5,42,73,69,71,0,0,0,0,-1
Kansas City Chiefs,2,home,46.0,-3,-3.5,42,57,41,63,1,0,0,0,1
Denver Broncos,2,away,46.0,3,-3.5,42,43,59,63,1,0,0,0,1
Carolina Panthers,2,home,,-3,,41,43,38,49,1,0,0,0,1
Houston Texans,2,away,,3,,41,57,62,49,0,1,0,0,-1
New Orleans Saints,2,home,,-9,,47,62,75,72,0,1,0,0,-1
Tampa Bay Buccaneers,2,away,,9,,47,38,25,72,0,1,0,0,-1
Pittsburgh Steelers,2,home,-6.5,-6,45.0,46,59,36,75,0,1,0,0,-1
San Francisco 49ers,2,away,6.5,6,45.0,46,41,64,75,1,0,0,0,1
Minnesota Vikings,2,home,,-2.5,,44,46,32,65,0,1,0,0,-1
Detroit Lions,2,away,,2.5,,44,54,68,65,0,1,0,1,-1
Buffalo Bills,2,home,,-1.5,,45,29,37,69,1,0,1,0,1
New England Patriots,2,away,,1.5,,45,71,63,69,1,0,0,0,1
Chicago Bears,2,home,1.5,2,45.0,46,25,26,74,0,1,0,1,-1
Arizona Cardinals,2,away,-1.5,-2,45.0,46,75,74,74,1,0,0,0,1
Cleveland Browns,2,home,1.5,1,,41,29,44,50,0,1,0,0,-1
Tennessee Titans,2,away,-1.5,-1,,41,71,56,50,1,0,1,0,1
Cincinnati Bengals,2,home,,-3.5,,48,56,47,68,1,0,0,0,1
San Diego Chargers,2,away,,3.5,,48,44,53,68,1,0,0,0,1
Washington Redskins,2,home,2.5,3,41.5,41,31,26,51,0,1,0,1,-1
St. Louis Rams,2,away,-2.5,-3,41.5,41,69,74,51,1,0,0,0,1
New York Giants,2,home,,-2,,50,63,56,82,0,1,0,0,-1
Atlanta Falcons,2,away,,2,,50,37,44,82,1,0,0,0,1
Oakland Raiders,2,home,6,6,42.0,42,21,26,79,0,1,0,1,-1
Baltimore Ravens,2,away,-6,-6,42.0,42,79,74,79,0,1,0,1,-1
Jacksonville Jaguars,2,home,4.5,6,41.5,42,22,53,38,0,1,0,1,-1
Miami Dolphins,2,away,-4.5,-6,41.5,42,78,47,38,1,0,1,0,1
Philadelphia Eagles,2,home,,-6.5,,54,55,34,68,0,1,0,0,-1
Dallas Cowboys,2,away,,6.5,,54,45,66,68,1,0,0,0,1
Green Bay Packers,2,home,-3,-3,48.0,49.5,61,64,67,1,0,0,0,1
Seattle Seahawks,2,away,3,3,48.0,49.5,39,36,67,0,1,0,1,-1
Indianapolis Colts,2,home,,-6,,45.5,68,62,75,0,1,0,0,-1
New York Jets,2,away,,6,,45.5,32,38,75,1,0,0,0,1
Kansas City Chiefs,2,home,46.0,-3,,42,57,41,63,1,0,0,0,1
Denver Broncos,2,away,46.0,3,,42,43,59,63,1,0,0,0,1
New York Giants,3,home,,-3,,45,72,46,55,0,2,0,1,-2
Washington Redskins,3,away,,3,,45,28,54,55,1,1,0,0,1
St. Louis Rams,3,home,48.0,-1,,48.5,22,38,75,1,1,1,0,-1
Pittsburgh Steelers,3,away,48.0,1,,48.5,78,62,75,1,1,0,1,1
Minnesota Vikings,3,home,,-2,,45.5,51,46,70,1,1,1,0,1
San Diego Chargers,3,away,,2,,45.5,49,54,70,1,1,0,1,-1
Houston Texans,3,home,,-6,,41,73,46,50,0,2,0,1,-2
Tampa Bay Buccaneers,3,away,,6,,41,27,54,50,1,1,1,0,1
New York Jets,3,home,47.5,-3,,47,53,71,46,2,0,1,0,2
Philadelphia Eagles,3,away,47.5,3,,47,47,29,46,0,2,0,1,-2
Carolina Panthers,3,home,-3.5,-9.5,44.0,43,49,42,58,2,0,1,0,2
New Orleans Saints,3,away,3.5,9.5,44.0,43,51,58,58,0,2,0,1,-2
New England Patriots,3,home,,-14,,49,72,74,80,2,0,1,0,2
Jacksonville Jaguars,3,away,,14,,49,28,26,80,1,1,0,0,1
Baltimore Ravens,3,home,,-1.5,,45,61,56,74,0,2,0,0,-2
Cincinnati Bengals,3,away,,1.5,,45,39,44,74,2,0,1,0,2
Cleveland Browns,3,home,-4.5,-3.5,41.5,44,44,43,61,1,1,1,0,1
Oakland Raiders,3,away,4.5,3.5,41.5,44,56,57,61,1,1,0,0,1
Tennessee Titans,3,home,4.5,3.5,,46.5,19,38,86,1,1,0,0,-1
Indianapolis Colts,3,away,-4.5,-3.5,,46.5,81,62,86,0,2,0,1,-2
Dallas Cowboys,3,home,PK,PK,44.0,43.5,26,41,52,2,0,1,0,2
Atlanta Falcons,3,away,PK,PK,44.0,43.5,74,59,52,2,0,1,0,2
Arizona Cardinals,3,home,-6,-7,44.0,45,67,41,73,2,0,1,0,2
San Francisco 49ers,3,away,6,7,44.0,45,33,59,73,1,1,0,1,-1
Seattle Seahawks,3,home,-14,-16.5,45.0,43.5,73,47,76,0,2,0,0,-2
Chicago Bears,3,away,14,16.5,45.0,43.5,27,53,76,0,2,0,0,-2
Miami Dolphins,3,home,-2.5,-1,43.5,43.5,43,56,68,1,1,0,0,-1
Buffalo Bills,3,away,2.5,1,43.5,43.5,57,44,68,1,1,0,0,-1
Detroit Lions,3,home,2.5,3,,45,30,39,82,0,2,0,0,-2
Denver Broncos,3,away,-2.5,-3,,45,70,61,82,2,0,1,0,2
Green Bay Packers,3,home,-6.5,-5.5,48.0,47.5,68,70,67,2,0,1,0,2
Kansas City Chiefs,3,away,6.5,5.5,48.0,47.5,32,30,67,1,1,1,0,-1
Pittsburgh Steelers,4,home,6.5,3,,44,42,48,51,2,1,1,0,2
Baltimore Ravens,4,away,-6.5,-3,,44,58,52,51,0,3,0,2,-3
Miami Dolphins,4,home,PK,2.5,41.5,42.5,40,45,66,1,2,0,1,-2
New York Jets,4,away,PK,-2.5,41.5,42.5,60,55,66,2,1,1,0,-1
Indianapolis Colts,4,home,-9.5,-4,46.0,43.5,67,56,49,1,2,0,1,1
Jacksonville Jaguars,4,away,9.5,4,46.0,43.5,33,44,49,1,2,0,1,-1
Atlanta Falcons,4,home,-3.5,-4.5,45.0,47.5,68,60,69,3,0,1,0,3
Houston Texans,4,away,3.5,4.5,45.0,47.5,32,40,69,1,2,0,1,1
Tampa Bay Buccaneers,4,home,2.5,3,41.0,40.5,30,28,68,1,2,0,1,-1
Carolina Panthers,4,away,-2.5,-3,41.0,40.5,70,72,68,3,0,1,0,3
Buffalo Bills,4,home,-6.5,-6.5,45.0,46.5,48,40,75,2,1,1,1,1
New York Giants,4,away,6.5,6.5,45.0,46.5,52,60,75,1,2,0,1,1
Chicago Bears,4,home,2,3,44.0,44.5,35,57,68,0,3,0,2,-3
Oakland Raiders,4,away,-2,-3,44.0,44.5,65,43,68,2,1,1,0,2
Washington Redskins,4,home,2.5,3,47.0,45.5,25,7,40,1,2,1,1,-1
Philadelphia Eagles,4,away,-2.5,-3,47.0,45.5,75,93,40,1,2,1,1,1
Cincinnati Bengals,4,home,-3,-3.5,43.5,45,60,52,78,3,0,1,0,3
Kansas City Chiefs,4,away,3,3.5,43.5,45,40,48,78,1,2,1,1,-2
San Diego Chargers,4,home,-7,-5,45.0,44.5,72,42,62,1,2,1,0,-2
Cleveland Browns,4,away,7,5,45.0,44.5,28,58,62,1,2,0,1,-1
San Francisco 49ers,4,home,9.5,7.5,48.0,48,18,20,75,1,2,1,0,-2
Green Bay Packers,4,away,-9.5,-7.5,48.0,48,82,80,75,3,0,1,0,3
Denver Broncos,4,home,-4.5,-7,45.0,43.5,63,58,74,3,0,1,0,3
Minnesota Vikings,4,away,4.5,7,45.0,43.5,37,42,74,2,1,0,1,2
Arizona Cardinals,4,home,-6,-7,44.0,43.5,80,86,61,3,0,2,0,3
St. Louis Rams,4,away,6,7,44.0,43.5,20,14,61,1,2,0,1,-2
New Orleans Saints,4,home,-7,-3,46.5,48,56,48,59,0,3,0,1,-3
Dallas Cowboys,4,away,7,3,46.5,48,44,52,59,2,1,1,0,-1
Seattle Seahawks,4,home,-9.5,-10,43.0,43,60,59,65,1,2,1,0,1
Detroit Lions,4,away,9.5,10,43.0,43,40,41,65,0,3,0,2,-3
Pittsburgh Steelers,4,home,9.5,3,,44,42,48,51,2,1,1,0,2
Baltimore Ravens,4,away,-9.5,-3,,44,58,52,51,0,3,0,2,-3
Houston Texans,5,home,45.0,-5,43.0,40.5,55,44,49,1,3,1,1,-1
Indianapolis Colts,5,away,45.0,5,43.0,40.5,45,56,49,2,2,1,1,2
Tampa Bay Buccaneers,5,home,-3,-1,43.5,41.5,51,31,63,1,3,0,2,-2
Jacksonville Jaguars,5,away,3,1,43.5,41.5,49,69,63,1,3,0,2,-2
Tennessee Titans,5,home,3,PK,44.5,43,21,44,71,1,2,0,1,-2
Buffalo Bills,5,away,-3,PK,44.5,43,79,56,71,2,2,1,0,-1
Baltimore Ravens,5,home,-7,-6,44.0,43,48,41,46,1,3,0,1,1
Cleveland Browns,5,away,7,6,44.0,43,52,59,46,1,3,0,2,-2
Atlanta Falcons,5,home,-9,-7,47.0,48.5,75,71,75,4,0,2,0,4
Washington Redskins,5,away,9,7,47.0,48.5,25,29,75,2,2,0,1,1
Kansas City Chiefs,5,home,-10,-9.5,46.5,44.5,50,38,69,1,3,0,1,-3
Chicago Bears,5,away,10,9.5,46.5,44.5,50,62,69,1,3,0,1,1
Philadelphia Eagles,5,home,-4,-6.5,48.5,49.5,45,14,70,1,3,0,1,-1
New Orleans Saints,5,away,4,6.5,48.5,49.5,55,86,70,1,3,0,2,1
Green Bay Packers,5,home,-9.5,-9,47.5,46,62,73,67,4,0,2,0,4
St. Louis Rams,5,away,9.5,9,47.5,46,38,27,67,2,2,1,1,1
Cincinnati Bengals,5,home,-1,-3,44.5,44,56,30,42,4,0,2,0,4
Seattle Seahawks,5,away,1,3,44.5,44,44,70,42,2,2,0,2,2
Detroit Lions,5,home,3,4.5,43.5,46,25,57,71,0,4,0,1,-4
Arizona Cardinals,5,away,-3,-4.5,43.5,46,75,43,71,3,1,1,0,-1
Dallas Cowboys,5,home,7.5,9,49.0,51,19,19,83,2,2,1,1,-2
New England Patriots,5,away,-7.5,-9,49.0,51,81,81,83,3,0,1,0,3
Oakland Raiders,5,home,6,5.5,45.0,44.5,28,35,78,2,2,1,1,-1
Denver Broncos,5,away,-6,-5.5,45.0,44.5,72,65,78,4,0,2,0,4
New York Giants,5,home,-7,-7.5,43.0,44,66,40,65,2,2,1,1,2
San Francisco 49ers,5,away,7,7.5,43.0,44,34,60,65,1,3,0,2,-3
San Diego Chargers,5,home,-3,-4,46.0,45.5,55,41,65,2,2,2,0,1
Pittsburgh Steelers,5,away,3,4,46.0,45.5,45,59,65,2,2,1,1,-1
Houston Texans,5,home,45.0,-5,46.0,40.5,55,44,49,1,3,1,1,-1
Indianapolis Colts,5,away,45.0,5,46.0,40.5,45,56,49,2,2,1,1,2
New Orleans Saints,6,home,3.5,3,51.0,52.5,26,29,63,1,4,1,1,-1
Atlanta Falcons,6,away,-3.5,-3,51.0,52.5,74,71,63,5,0,2,0,5
Cleveland Browns,6,home,3.5,3,,42,26,30,55,2,3,1,1,1
Denver Broncos,6,away,-3.5,-3,,42,74,70,55,5,0,3,0,5
Buffalo Bills,6,home,PK,3,45.5,42.5,28,42,56,3,2,1,2,1
Cincinnati Bengals,6,away,PK,-3,45.5,42.5,72,58,56,5,0,2,0,5
Minnesota Vikings,6,home,,-3.5,,43,63,64,44,2,2,2,0,-1
Kansas City Chiefs,6,away,,3.5,,43,37,36,44,1,4,1,2,-4
Jacksonville Jaguars,6,home,,-3,,43,47,46,75,1,4,1,1,-3
Houston Texans,6,away,,3,,43,53,54,75,1,4,0,2,-2
Detroit Lions,6,home,,-3.5,,45.5,63,23,79,0,5,0,2,-5
Chicago Bears,6,away,,3.5,,45.5,37,77,79,2,3,1,1,2
New York Jets,6,home,-5.5,-7.5,41.5,40,51,65,58,3,1,1,1,1
Washington Redskins,6,away,5.5,7.5,41.5,40,49,35,58,2,3,0,2,-1
Pittsburgh Steelers,6,home,5.5,6,,45.5,32,41,78,3,2,1,1,1
Arizona Cardinals,6,away,-5.5,-6,,45.5,68,59,78,4,1,2,0,1
Tennessee Titans,6,home,,-2.5,,44,42,26,49,1,3,0,2,-3
Miami Dolphins,6,away,,2.5,,44,58,74,49,1,3,1,1,-3
Seattle Seahawks,6,home,,-7,,41,53,48,57,2,3,2,0,-1
Carolina Panthers,6,away,,7,,41,47,52,57,4,0,2,0,4
Green Bay Packers,6,home,,-10.5,,50,70,72,83,5,0,3,0,5
San Diego Chargers,6,away,,10.5,,50,30,28,83,2,3,0,2,-1
San Francisco 49ers,6,home,,2.5,,43.5,48,70,76,1,4,1,1,-4
Baltimore Ravens,6,away,,-2.5,,43.5,52,30,76,1,4,1,2,-1
Indianapolis Colts,6,home,,8.5,,54,23,40,77,3,2,1,1,3
New England Patriots,6,away,,-8.5,,54,77,60,77,4,0,2,0,4
Philadelphia Eagles,6,home,-3.5,-3.5,49.0,51,42,36,68,2,3,1,1,1
New York Giants,6,away,3.5,3.5,49.0,51,58,64,68,3,2,1,1,3
San Francisco 49ers,7,home,3.5,6.5,,42,37,42,59,2,4,2,1,1
Seattle Seahawks,7,away,-3.5,-6.5,,42,63,58,59,2,4,0,3,-2
Jacksonville Jaguars,7,home,3.5,3.5,43,41,31,24,67,1,5,1,2,-4
Buffalo Bills,7,away,-3.5,-3.5,43,41,69,76,67,3,3,2,0,-1
St. Louis Rams,7,home,,-6,,43.5,56,38,59,2,3,1,1,-1
Cleveland Browns,7,away,,6,,43.5,44,62,59,2,4,1,2,-1
Kansas City Chiefs,7,home,44.5,-3,,41.5,41,18,52,1,5,0,2,-5
Pittsburgh Steelers,7,away,44.5,3,,41.5,59,82,52,4,2,2,1,2
Miami Dolphins,7,home,-3,-4.5,43.0,45.5,56,34,54,2,3,0,2,1
Houston Texans,7,away,3,4.5,43.0,45.5,44,66,54,2,4,1,2,1
New England Patriots,7,home,,-7,,47.5,61,64,64,5,0,2,0,5
New York Jets,7,away,,7,,47.5,39,36,64,4,1,2,0,2
Detroit Lions,7,home,,-1,,45,56,54,71,1,5,1,2,1
Minnesota Vikings,7,away,,1,,45,44,46,71,3,2,0,2,1
Tennessee Titans,7,home,,6,,45.5,16,19,69,1,4,0,3,-4
Atlanta Falcons,7,away,,-6,,45.5,84,81,69,5,1,2,1,-1
Washington Redskins,7,home,-4,-3,45.5,41.5,55,56,70,2,4,2,1,-2
Tampa Bay Buccaneers,7,away,4,3,45.5,41.5,45,44,70,2,3,1,1,1
Indianapolis Colts,7,home,,-5.5,,53,66,48,76,3,3,1,2,-1
New Orleans Saints,7,away,,5.5,,53,34,52,76,2,4,0,3,1
San Diego Chargers,7,home,,-3.5,,48.5,68,38,70,2,4,2,1,-2
Oakland Raiders,7,away,,3.5,,48.5,32,62,70,2,3,1,1,-2
New York Giants,7,home,,-3,,44.5,76,62,68,3,3,2,1,-1
Dallas Cowboys,7,away,,3,,44.5,24,38,68,2,3,1,1,-3
Carolina Panthers,7,home,,-3,,46,63,54,69,5,0,2,0,5
Philadelphia Eagles,7,away,,3,,46,37,46,69,3,3,1,2,2
Arizona Cardinals,7,home,-6.5,-10,49.0,50,60,50,53,4,2,2,1,-1
Baltimore Ravens,7,away,6.5,10,49.0,50,40,50,53,1,5,1,3,-2
San Francisco 49ers,7,home,6.5,6.5,,42,37,42,59,2,4,2,1,1
Seattle Seahawks,7,away,-6.5,-6.5,,42,63,58,59,2,4,0,3,-2
New England Patriots,8,home,-7.5,-8,51.5,51.5,65,67,68,6,0,3,0,6
Miami Dolphins,8,away,7.5,8,51.5,51.5,35,33,68,3,3,2,1,2
Kansas City Chiefs,8,home,-3,-3,47.0,45,50,34,68,2,5,1,2,1
Detroit Lions,8,away,3,3,47.0,45,50,66,68,1,6,0,3,-1
Chicago Bears,8,home,3,1.5,,44,37,47,76,2,4,1,2,-1
Minnesota Vikings,8,away,-3,-1.5,,44,63,53,76,4,2,1,2,2
Atlanta Falcons,8,home,-7,-8,48.0,47.5,68,82,78,6,1,3,0,1
Tampa Bay Buccaneers,8,away,7,8,48.0,47.5,32,18,78,2,4,1,2,-1
New Orleans Saints,8,home,,-3,,51.5,65,31,63,3,4,2,1,2
New York Giants,8,away,,3,,51.5,35,69,63,4,3,1,2,1
St. Louis Rams,8,home,-7.5,-8,39.0,41,62,38,66,3,3,2,1,1
San Francisco 49ers,8,away,7.5,8,39.0,41,38,62,66,2,5,0,3,-1
Cleveland Browns,8,home,4.5,7,46.0,46,28,27,60,2,5,1,2,-2
Arizona Cardinals,8,away,-4.5,-7,46.0,46,72,73,60,5,2,2,1,1
Pittsburgh Steelers,8,home,4.5,PK,,49.5,42,49,76,4,3,2,1,-1
Cincinnati Bengals,8,away,-4.5,PK,,49.5,58,51,76,6,0,3,0,6
Baltimore Ravens,8,home,-2.5,-4.5,49.5,50.5,49,19,76,1,6,0,2,-3
San Diego Chargers,8,away,2.5,4.5,49.5,50.5,51,81,76,2,5,0,3,-3
Houston Texans,8,home,,-3.5,,43,62,47,54,2,5,1,2,-1
Tennessee Titans,8,away,,3.5,,43,38,53,54,1,5,1,1,-5
Oakland Raiders,8,home,,3,,44,33,59,65,3,3,1,2,1
New York Jets,8,away,,-3,,44,67,41,65,4,2,2,1,-1
Dallas Cowboys,8,home,,5.5,,42,27,23,66,2,4,1,2,-4
Seattle Seahawks,8,away,,-5.5,,42,73,77,66,3,4,1,3,1
Denver Broncos,8,home,,2.5,,46,28,38,69,6,0,2,0,6
Green Bay Packers,8,away,,-2.5,,46,72,62,69,6,0,2,0,6
Carolina Panthers,8,home,,-5,,45,61,60,55,6,0,3,0,6
Indianapolis Colts,8,away,,5,,45,39,40,55,3,4,2,1,-2
Cincinnati Bengals,9,home,-10,-13,47.5,45.5,57,61,61,7,0,3,0,7
Cleveland Browns,9,away,10,13,47.5,45.5,43,39,61,2,6,1,3,-3
Pittsburgh Steelers,9,home,-6,-6,47.5,48,63,43,65,4,4,2,2,-2
Oakland Raiders,9,away,6,6,47.5,48,37,57,65,4,3,2,1,2
New York Jets,9,home,-2.5,-7.5,40.0,42,60,62,52,4,3,2,1,-2
Jacksonville Jaguars,9,away,2.5,7.5,40.0,42,40,38,52,2,5,0,3,1
Minnesota Vikings,9,home,-3.5,-1.5,40.0,40,61,46,59,5,2,3,0,3
St. Louis Rams,9,away,3.5,1.5,40.0,40,39,54,59,4,3,1,2,2
Buffalo Bills,9,home,-3,-4,46.0,44,53,27,57,3,4,1,3,-2
Miami Dolphins,9,away,3,4,46.0,44,47,73,57,3,4,2,2,-1
New Orleans Saints,9,home,-9.5,-7,47.5,50,71,79,52,4,4,3,1,3
Tennessee Titans,9,away,9.5,7,47.5,50,29,21,52,1,6,1,2,-6
New England Patriots,9,home,-13,-14,52.0,51.5,76,73,75,7,0,4,0,7
Washington Redskins,9,away,13,14,52.0,51.5,24,27,75,3,4,0,3,1
Carolina Panthers,9,home,3,2.5,45.5,46,25,40,60,7,0,4,0,7
Green Bay Packers,9,away,-3,-2.5,45.5,46,75,60,60,6,1,2,1,-1
San Francisco 49ers,9,home,2.5,9,44.5,43.5,23,51,48,2,6,2,2,-2
Atlanta Falcons,9,away,-2.5,-9,44.5,43.5,77,49,48,6,2,3,1,-1
Tampa Bay Buccaneers,9,home,1,1.5,47.5,49,25,34,74,3,4,1,2,1
New York Giants,9,away,-1,-1.5,47.5,49,75,66,74,4,4,1,3,-1
Indianapolis Colts,9,home,3,3.5,48.0,45,23,19,73,3,5,1,3,-3
Denver Broncos,9,away,-3,-3.5,48.0,45,77,81,73,7,0,4,0,7
Dallas Cowboys,9,home,3,3,-3,44,42,54,68,2,5,1,3,-5
Philadelphia Eagles,9,away,-3,-3,-3,44,58,46,68,3,4,1,3,-1
San Diego Chargers,9,home,-3.5,-3.5,52.0,49.5,66,71,68,2,6,2,2,-4
Chicago Bears,9,away,3.5,3.5,52.0,49.5,34,29,68,2,5,1,2,-2
New York Jets,10,home,-2.5,-2.5,44.5,42,60,50,71,5,3,3,1,1
Buffalo Bills,10,away,2.5,2.5,44.5,42,40,50,71,4,4,2,1,1
Green Bay Packers,10,home,-11,-10.5,48.0,50,76,82,78,6,2,4,0,-2
Detroit Lions,10,away,11,10.5,48.0,50,24,18,78,1,7,0,4,-2
Tampa Bay Buccaneers,10,home,1,1,43.0,43.5,31,47,78,3,5,1,3,-1
Dallas Cowboys,10,away,-1,-1,43.0,43.5,69,53,78,2,6,1,2,-6
Tennessee Titans,10,home,6,3.5,42.5,42.5,31,22,63,2,6,0,4,1
Carolina Panthers,10,away,-6,-3.5,42.5,42.5,69,78,63,8,0,3,0,8
St. Louis Rams,10,home,-9,-7,41.5,42,45,28,67,4,4,3,1,-1
Chicago Bears,10,away,9,7,41.5,42,55,72,67,3,5,2,2,1
Washington Redskins,10,home,PK,1,50.0,52,38,42,81,3,5,3,1,-1
New Orleans Saints,10,away,PK,-1,50.0,52,62,58,81,4,5,1,3,-1
Philadelphia Eagles,10,home,-5.5,-6,46.0,49.5,67,47,72,4,4,2,1,1
Miami Dolphins,10,away,5.5,6,46.0,49.5,33,53,72,3,5,2,3,-2
Pittsburgh Steelers,10,home,-4.5,-6.5,41.0,43,59,60,64,5,4,3,2,1
Cleveland Browns,10,away,4.5,6.5,41.0,43,41,40,64,2,7,1,4,-4
Baltimore Ravens,10,home,-6.5,-4.5,50.0,47,37,19,73,2,6,1,2,1
Jacksonville Jaguars,10,away,6.5,4.5,50.0,47,63,81,73,2,6,0,4,-1
Oakland Raiders,10,home,-2.5,-3,42.5,44,62,44,71,4,4,2,2,-1
Minnesota Vikings,10,away,2.5,3,42.5,44,38,56,71,6,2,2,2,4
Denver Broncos,10,home,-6.5,-4,42.5,42,76,80,62,7,1,3,0,-1
Kansas City Chiefs,10,away,6.5,4,42.5,42,24,20,62,3,5,1,3,2
New York Giants,10,home,7,7,54.0,52.5,24,31,69,5,4,3,1,1
New England Patriots,10,away,-7,-7,54.0,52.5,76,69,69,8,0,3,0,8
Seattle Seahawks,10,home,-2.5,-3,45.0,43.5,56,53,57,4,4,2,1,2
Arizona Cardinals,10,away,2.5,3,45.0,43.5,44,47,57,6,2,3,1,2
Cincinnati Bengals,10,home,-13,-10,48.0,46.5,57,56,69,8,0,4,0,8
Houston Texans,10,away,13,10,48.0,46.5,43,44,69,3,5,1,3,1
Jacksonville Jaguars,11,home,,-3,,42,62,51,67,3,6,2,2,1
Tennessee Titans,11,away,,3,,42,38,49,67,2,7,2,2,-1
Carolina Panthers,11,home,-7.5,-7,46.0,44.5,62,55,58,9,0,5,0,9
Washington Redskins,11,away,7.5,7,46.0,44.5,38,45,58,4,5,0,4,1
Detroit Lions,11,home,PK,1.5,48.5,50,32,52,69,2,7,1,3,1
Oakland Raiders,11,away,PK,-1.5,48.5,50,68,48,69,4,5,2,2,-2
Miami Dolphins,11,home,PK,2.5,-1,45.5,28,44,46,4,5,1,2,1
Dallas Cowboys,11,away,PK,-2.5,-1,45.5,72,56,46,2,7,1,3,-7
Atlanta Falcons,11,home,-4,-3.5,46.0,47.5,65,33,54,6,3,3,1,-2
Indianapolis Colts,11,away,4,3.5,46.0,47.5,35,67,54,4,5,2,2,1
Baltimore Ravens,11,home,42.5,-3,46.0,41.5,51,37,63,2,7,1,3,-1
St. Louis Rams,11,away,42.5,3,46.0,41.5,49,63,63,4,5,1,3,-2
Houston Texans,11,home,2.5,4,42.0,40,41,69,49,4,5,2,2,2
New York Jets,11,away,-2.5,-4,42.0,40,59,31,49,5,4,2,2,-1
Minnesota Vikings,11,home,PK,PK,45.0,45,36,39,68,7,2,4,0,5
Green Bay Packers,11,away,PK,PK,45.0,45,64,61,68,6,3,2,2,-3
Philadelphia Eagles,11,home,-7,-6.5,46.5,45.5,45,36,68,4,5,2,2,-1
Tampa Bay Buccaneers,11,away,7,6.5,46.5,45.5,55,64,68,4,5,2,2,1
Chicago Bears,11,home,3,2,43.0,41.5,47,63,45,4,5,1,3,2
Denver Broncos,11,away,-3,-2,43.0,41.5,53,37,45,7,2,4,1,-2
Arizona Cardinals,11,home,-2.5,-4,48.0,48,64,47,63,7,2,3,1,3
Cincinnati Bengals,11,away,2.5,4,48.0,48,36,53,63,8,1,4,0,-1
Seattle Seahawks,11,home,-10,-14,39.5,40,56,12,56,4,5,2,2,-1
San Francisco 49ers,11,away,10,14,39.5,40,44,88,56,3,6,0,4,1
San Diego Chargers,11,home,3,3,46.0,45.5,57,34,69,2,7,2,3,-5
Kansas City Chiefs,11,away,-3,-3,46.0,45.5,43,66,69,4,5,2,3,3
New England Patriots,11,home,-7.5,-7,49.5,47.5,66,68,52,9,0,5,0,9
Buffalo Bills,11,away,7.5,7,49.5,47.5,34,32,52,5,4,3,1,2
Detroit Lions,12,home,,-3,,47,64,43,70,3,7,2,3,2
Philadelphia Eagles,12,away,,3,,47,36,57,70,4,6,2,3,-2
Dallas Cowboys,12,home,PK,1,46.0,44.5,26,30,70,3,7,1,4,1
Carolina Panthers,12,away,PK,-1,46.0,44.5,74,70,70,10,0,4,0,10
Green Bay Packers,12,home,,-8,,45,73,66,66,7,3,4,1,1
Chicago Bears,12,away,,8,,45,27,34,66,4,6,3,2,-1
Houston Texans,12,home,,-3.5,,51,65,47,72,5,5,3,2,3
New Orleans Saints,12,away,,3.5,,51,35,53,72,4,6,1,4,-2
Atlanta Falcons,12,home,,-2,,45,45,34,66,6,4,3,2,-3
Minnesota Vikings,12,away,,2,,45,55,66,66,7,3,3,2,-1
Cincinnati Bengals,12,home,-7.5,-9.5,42.0,42,53,70,62,8,2,4,1,-2
St. Louis Rams,12,away,7.5,9.5,42.0,42,47,30,62,4,6,1,4,-3
Indianapolis Colts,12,home,-3,-3,47.0,46.5,37,22,81,5,5,2,3,2
Tampa Bay Buccaneers,12,away,3,3,47.0,46.5,63,78,81,5,5,3,2,2
Washington Redskins,12,home,3,1.5,,48,19,39,87,4,6,4,1,-1
New York Giants,12,away,-3,-1.5,,48,81,61,87,5,5,2,3,-1
Tennessee Titans,12,home,3,1,,45,32,48,71,2,8,0,5,-2
Oakland Raiders,12,away,-3,-1,,45,68,52,71,4,6,2,3,-3
Kansas City Chiefs,12,home,-3.5,-4.5,41.0,41,64,47,44,5,5,2,2,4
Buffalo Bills,12,away,3.5,4.5,41.0,41,36,53,44,5,5,3,2,-1
New York Jets,12,home,,-4.5,,43.5,64,29,62,5,5,3,2,-2
Miami Dolphins,12,away,,4.5,,43.5,36,71,62,4,6,3,3,-1
Jacksonville Jaguars,12,home,,-5,,47,37,22,70,4,6,3,2,2
San Diego Chargers,12,away,,5,,47,63,78,70,2,8,0,4,-6
San Francisco 49ers,12,home,,8.5,,45,23,14,63,3,7,3,2,-1
Arizona Cardinals,12,away,,-8.5,,45,77,86,63,8,2,4,1,4
Seattle Seahawks,12,home,,-3,,46.5,48,39,69,5,5,3,2,1
Pittsburgh Steelers,12,away,,3,,46.5,52,61,69,6,4,2,2,2
Denver Broncos,12,home,,2.5,,43,21,35,54,8,2,3,1,1
New England Patriots,12,away,,-2.5,,43,79,65,54,10,0,4,0,10
Cleveland Browns,12,home,42.0,-6,,41.5,49,36,57,2,8,1,3,-5
Baltimore Ravens,12,away,42.0,6,,41.5,51,64,57,3,7,1,4,1
Detroit Lions,13,home,5.5,2.5,46.5,47,23,33,69,4,7,3,3,3
Green Bay Packers,13,away,-5.5,-2.5,46.5,47,77,67,69,7,4,3,2,-1
Chicago Bears,13,home,,-6.5,,43,58,52,53,5,6,1,4,1
San Francisco 49ers,13,away,,6.5,,43,42,48,53,3,8,0,5,-2
Cleveland Browns,13,home,7.5,7.5,43.5,44.5,40,50,70,2,9,1,4,-6
Cincinnati Bengals,13,away,-7.5,-7.5,43.5,44.5,60,50,70,9,2,4,1,1
Tennessee Titans,13,home,,-3,,43.5,50,52,72,2,9,0,6,-3
Jacksonville Jaguars,13,away,,3,,43.5,50,48,72,4,7,1,4,-1
Buffalo Bills,13,home,-3,-3,42.5,42,44,33,44,5,6,2,3,-2
Houston Texans,13,away,3,3,42.5,42,56,67,44,6,5,2,3,4
Miami Dolphins,13,home,,-3.5,,43.5,53,27,80,4,7,1,3,-2
Baltimore Ravens,13,away,,3.5,,43.5,47,73,80,4,7,2,4,2
New Orleans Saints,13,home,,6,,50.5,32,53,75,4,7,3,2,-3
Carolina Panthers,13,away,,-6,,50.5,68,47,75,11,0,5,0,11
Minnesota Vikings,13,home,PK,3,41.0,43,42,42,55,8,3,4,1,1
Seattle Seahawks,13,away,PK,-3,41.0,43,58,58,55,6,5,2,3,2
St. Louis Rams,13,home,PK,3.5,,43,26,38,73,4,7,3,2,-4
Arizona Cardinals,13,away,PK,-3.5,,43,74,62,73,9,2,5,1,5
Tampa Bay Buccaneers,13,home,PK,PK,,46.5,23,53,79,5,6,2,3,-1
Atlanta Falcons,13,away,PK,PK,,46.5,77,47,79,6,5,3,2,-4
New York Giants,13,home,PK,2.5,,46.5,64,74,82,5,6,3,2,-2
New York Jets,13,away,PK,-2.5,,46.5,36,26,82,6,5,2,3,1
San Diego Chargers,13,home,PK,6,,45,42,62,66,3,8,2,4,1
Denver Broncos,13,away,PK,-6,,45,58,38,66,9,2,5,1,2
Oakland Raiders,13,home,PK,3,,45.5,44,54,81,5,6,2,3,1
Kansas City Chiefs,13,away,PK,-3,,45.5,56,46,81,6,5,3,3,5
New England Patriots,13,home,-13,-9.5,48.5,49,74,81,73,10,1,6,0,-1
Philadelphia Eagles,13,away,13,9.5,48.5,49,26,19,73,4,7,2,4,-3
Pittsburgh Steelers,13,home,-6,-9.5,48.5,50.5,41,40,72,6,5,4,2,-1
Indianapolis Colts,13,away,6,9.5,48.5,50.5,59,60,72,6,5,3,2,3
Washington Redskins,13,home,,-2,,43,71,68,68,5,6,5,1,1
Dallas Cowboys,13,away,,2,,43,29,32,68,3,8,2,3,-1
Arizona Cardinals,14,home,-7,-10,45.0,46.5,48,50,51,10,2,4,1,6
Minnesota Vikings,14,away,7,10,45.0,46.5,52,50,51,8,4,4,2,-1
Cincinnati Bengals,14,home,,-1,,49.5,57,37,66,10,2,5,1,2
Pittsburgh Steelers,14,away,,1,,49.5,43,63,66,7,5,2,3,1
Philadelphia Eagles,14,home,,-1,,48,35,36,74,5,7,2,3,1
Buffalo Bills,14,away,,1,,48,65,64,74,6,6,3,3,1
Carolina Panthers,14,home,-6.5,-8.5,47.0,45,47,53,63,12,0,6,0,12
Atlanta Falcons,14,away,6.5,8.5,47.0,45,53,47,63,6,6,3,3,-5
Cleveland Browns,14,home,,-2.5,,43,41,34,77,2,10,1,5,-7
San Francisco 49ers,14,away,,2.5,,43,59,66,77,4,8,1,5,1
Chicago Bears,14,home,-1,-4,44.0,43,60,35,79,5,7,1,5,-1
Washington Redskins,14,away,1,4,44.0,43,40,65,79,5,7,0,5,-1
St. Louis Rams,14,home,1,3,-2.5,41.5,33,58,77,4,8,3,3,-5
Detroit Lions,14,away,-1,-3,-2.5,41.5,67,42,77,4,8,1,4,-1
Kansas City Chiefs,14,home,-7.5,-12,46.5,42,48,58,48,7,5,3,2,6
San Diego Chargers,14,away,7.5,12,46.5,42,52,42,48,3,9,1,4,-1
Tampa Bay Buccaneers,14,home,,-6,,51.5,47,28,70,6,6,3,3,1
New Orleans Saints,14,away,,6,,51.5,53,72,70,4,8,1,5,-4
Jacksonville Jaguars,14,home,,-1,,46,44,45,78,4,8,3,3,-2
Indianapolis Colts,14,away,,1,,46,56,55,78,6,6,3,3,-1
New York Jets,14,home,-6,-8,43.5,43,56,40,66,7,5,4,2,2
Tennessee Titans,14,away,6,8,43.5,43,44,60,66,3,9,2,3,1
Houston Texans,14,home,6,4.5,,46.5,26,21,62,6,6,4,2,-1
New England Patriots,14,away,-6,-4.5,,46.5,74,79,62,10,2,4,1,-2
Denver Broncos,14,home,,-6,,43.5,59,66,64,10,2,4,1,3
Oakland Raiders,14,away,,6,,43.5,41,34,64,5,7,3,3,-1
Green Bay Packers,14,home,,-6.5,,42.5,73,73,64,8,4,4,2,1
Dallas Cowboys,14,away,,6.5,,42.5,27,27,64,4,8,3,3,1
Baltimore Ravens,14,home,3.5,10.5,42.5,42,24,23,59,4,8,2,3,-1
Seattle Seahawks,14,away,-3.5,-10.5,42.5,42,76,77,59,7,5,3,3,3
Miami Dolphins,14,home,3.5,2,,48,23,29,68,5,7,2,3,1
New York Giants,14,away,-3.5,-2,,48,77,71,68,5,7,2,4,-3
St. Louis Rams,15,home,41.0,-1,,41.5,55,50,62,5,8,4,3,1
Tampa Bay Buccaneers,15,away,41.0,1,,41.5,45,50,62,6,7,3,3,-1
Dallas Cowboys,15,home,41.0,3.5,,41,17,23,56,4,9,1,5,-1
New York Jets,15,away,41.0,-3.5,,41,83,77,56,8,5,3,3,3
Minnesota Vikings,15,home,-4,-4,43.0,44,47,48,69,8,5,4,2,-2
Chicago Bears,15,away,4,4,43.0,44,53,52,69,5,8,4,2,-2
Jacksonville Jaguars,15,home,,-2,,48,45,45,70,5,8,4,3,1
Atlanta Falcons,15,away,,2,,48,55,55,70,6,7,3,4,-6
Indianapolis Colts,15,home,48.0,-2,,42,43,36,47,6,7,3,3,-2
Houston Texans,15,away,48.0,2,,42,57,64,47,6,7,2,4,-2
Baltimore Ravens,15,home,7,6.5,43.0,41,30,11,47,4,9,2,4,-2
Kansas City Chiefs,15,away,-7,-6.5,43.0,41,70,89,47,8,5,4,3,7
Washington Redskins,15,home,7,2,-1,46,40,70,67,6,7,5,2,1
Buffalo Bills,15,away,-7,-2,-1,46,60,30,67,6,7,3,4,-1
New England Patriots,15,home,,-14.5,,48,80,44,75,11,2,6,1,1
Tennessee Titans,15,away,,14.5,,48,20,56,75,3,10,2,4,-1
Philadelphia Eagles,15,home,3.5,3.5,50.5,51,26,44,68,6,7,3,3,2
Arizona Cardinals,15,away,-3.5,-3.5,50.5,51,74,56,68,11,2,6,1,7
New York Giants,15,home,3.5,5,,46.5,41,65,76,6,7,3,3,1
Carolina Panthers,15,away,-3.5,-5,,46.5,59,35,76,13,0,6,0,13
Seattle Seahawks,15,home,,-14.5,,45,84,46,62,8,5,4,2,4
Cleveland Browns,15,away,,14.5,,45,16,54,62,3,10,1,5,1
Oakland Raiders,15,home,2.5,4,45.5,47,18,32,80,6,7,2,4,1
Green Bay Packers,15,away,-2.5,-4,45.5,47,82,68,80,9,4,4,2,2
San Diego Chargers,15,home,45.5,-1,45.5,47,66,53,77,3,10,2,5,-2
Miami Dolphins,15,away,45.5,1,45.5,47,34,47,77,5,8,3,4,-1
Pittsburgh Steelers,15,home,,-7.5,,45.5,44,32,72,8,5,5,2,2
Denver Broncos,15,away,,7.5,,45.5,56,68,72,10,3,6,1,-1
San Francisco 49ers,15,home,3.5,6.5,42.0,40.5,47,49,47,4,9,3,3,-1
Cincinnati Bengals,15,away,-3.5,-6.5,42.0,40.5,53,51,47,10,3,5,1,-1
New Orleans Saints,15,home,,-2.5,,52.5,68,68,79,5,8,3,3,1
Detroit Lions,15,away,,2.5,,52.5,32,32,79,4,9,1,5,-2
Oakland Raiders,16,home,-6,-4,45.0,45,72,61,71,6,8,2,5,-1
San Diego Chargers,16,away,6,4,45.0,45,28,39,71,4,10,1,5,1
Philadelphia Eagles,16,home,-4,-3.5,47.5,48.5,51,25,73,6,8,3,4,-1
Washington Redskins,16,away,4,3.5,47.5,48.5,49,75,73,7,7,1,5,2
Minnesota Vikings,16,home,-4,-7,45.0,45,71,55,62,9,5,5,2,1
New York Giants,16,away,4,7,45.0,45,29,45,62,6,8,3,4,-1
Tampa Bay Buccaneers,16,home,-2.5,-3,44.5,44,70,27,70,6,8,3,4,-2
Chicago Bears,16,away,2.5,3,44.5,44,30,73,70,5,9,4,3,-3
Atlanta Falcons,16,home,6.5,7,46.0,46,43,37,81,7,7,3,3,1
Carolina Panthers,16,away,-6.5,-7,46.0,46,57,63,81,14,0,7,0,14
Buffalo Bills,16,home,-5.5,-6.5,43.0,42,73,62,43,6,8,3,3,-2
Dallas Cowboys,16,away,5.5,6.5,43.0,42,27,38,43,4,10,3,4,-2
New Orleans Saints,16,home,-3.5,-2.5,51.5,53,56,40,82,5,9,3,4,-1
Jacksonville Jaguars,16,away,3.5,2.5,51.5,53,44,60,82,5,9,1,5,-1
Detroit Lions,16,home,-8.5,-9,40.5,42.5,59,37,56,5,9,3,4,1
San Francisco 49ers,16,away,8.5,9,40.5,42.5,41,63,56,4,10,1,6,-2
Kansas City Chiefs,16,home,-12.5,-11.5,45.0,42.5,70,66,58,9,5,4,2,8
Cleveland Browns,16,away,12.5,11.5,45.0,42.5,30,34,58,3,11,1,6,-1
Miami Dolphins,16,home,-1,-2.5,44.0,44,66,46,63,5,9,2,4,-2
Indianapolis Colts,16,away,1,2.5,44.0,44,34,54,63,6,8,3,4,-3
New York Jets,16,home,3,2.5,45.5,45.5,30,32,67,9,5,5,2,4
New England Patriots,16,away,-3,-2.5,45.5,45.5,70,68,67,12,2,5,1,2
Tennessee Titans,16,home,3,3.5,-4.5,39,38,30,29,3,11,1,6,-2
Houston Texans,16,away,-3,-3.5,-4.5,39,62,70,29,7,7,3,4,1
Arizona Cardinals,16,home,-4,-6,49.0,50.5,47,27,82,12,2,5,1,8
Green Bay Packers,16,away,4,6,49.0,50.5,53,73,82,10,4,5,2,3
Seattle Seahawks,16,home,-14,-11,40.5,42,61,33,72,9,5,5,2,5
St. Louis Rams,16,away,14,11,40.5,42,39,67,72,6,8,1,5,2
Baltimore Ravens,16,home,9.5,11.5,48.5,47.5,24,24,66,4,10,2,5,-3
Pittsburgh Steelers,16,away,-9.5,-11.5,48.5,47.5,76,76,66,9,5,3,3,3
Denver Broncos,16,home,-3.5,-4,42.0,39,75,67,53,10,4,4,2,-2
Cincinnati Bengals,16,away,3.5,4,42.0,39,25,33,53,11,3,6,1,1
Buffalo Bills,17,home,1.5,3,44.0,41,34,27,61,7,8,4,3,1
New York Jets,17,away,-1.5,-3,44.0,41,66,73,61,10,5,4,3,5
Carolina Panthers,17,home,-9.5,-10,47.0,44.5,71,41,65,14,1,7,0,-1
Tampa Bay Buccaneers,17,away,9.5,10,47.0,44.5,29,59,65,6,9,3,4,-3
Miami Dolphins,17,home,8,10,44.5,46.5,34,25,47,5,10,2,5,-3
New England Patriots,17,away,-8,-10,44.5,46.5,66,75,47,12,3,5,2,-1
Cincinnati Bengals,17,home,-7,-9.5,41.5,40.5,61,48,55,11,4,5,2,-1
Baltimore Ravens,17,away,7,9.5,41.5,40.5,39,52,55,5,10,2,5,1
Atlanta Falcons,17,home,-2.5,-6,52.0,53.5,52,7,78,8,7,4,3,2
New Orleans Saints,17,away,2.5,6,52.0,53.5,48,93,78,6,9,2,5,1
Houston Texans,17,home,-5.5,-6,44.5,45,75,52,74,8,7,4,3,2
Jacksonville Jaguars,17,away,5.5,6,44.5,45,25,48,74,5,10,1,6,-2
Cleveland Browns,17,home,8.5,13,47.5,47,12,17,68,3,12,2,5,-2
Pittsburgh Steelers,17,away,-8.5,-13,47.5,47,88,83,68,9,6,3,4,-1
Kansas City Chiefs,17,home,-6.5,-6.5,45.0,43.5,56,28,79,10,5,5,2,9
Oakland Raiders,17,away,6.5,6.5,45.0,43.5,44,72,79,7,8,4,3,1
Indianapolis Colts,17,home,-6,-4.5,41.5,39,62,63,25,7,8,3,4,1
Tennessee Titans,17,away,6,4.5,41.5,39,38,37,25,3,12,2,5,-3
Dallas Cowboys,17,home,-4,-3,40.0,41,45,30,70,4,11,1,6,-3
Washington Redskins,17,away,4,3,40.0,41,55,70,70,8,7,2,5,3
Chicago Bears,17,home,4,2.5,-1.5,45,28,46,69,6,9,1,6,1
Detroit Lions,17,away,-4,-2.5,-1.5,45,72,54,69,6,9,2,5,2
New York Giants,17,home,-3.5,-3.5,52.0,51,69,43,75,6,9,3,4,-2
Philadelphia Eagles,17,away,3.5,3.5,52.0,51,31,57,75,6,9,3,4,-2
Green Bay Packers,17,home,-3,-3,48.5,44,63,56,74,10,5,5,2,-1
Minnesota Vikings,17,away,3,3,48.5,44,37,44,74,10,5,4,3,2
Denver Broncos,17,home,-7.5,-10,40.0,42,61,59,76,11,4,5,2,1
San Diego Chargers,17,away,7.5,10,40.0,42,39,41,76,4,11,1,6,-1
San Francisco 49ers,17,home,3.5,3,37.0,39,38,40,57,4,11,3,4,-3
St. Louis Rams,17,away,-3.5,-3,37.0,39,62,60,57,7,8,2,5,3
Arizona Cardinals,17,home,-3.5,-6,48.0,47,62,17,75,13,2,6,1,9
Seattle Seahawks,17,away,3.5,6,48.0,47,38,83,75,9,6,4,3,-1
