Rk,Player,Pos,Week,Team,Opp,Targets,Rec,Pct,Yds,TD,Long,Yds/Target,Yds/Rec,Rush,RushYds,RushTD,Fum,Lost,FantasyPoints
1,Julio Jones,WR,1,ATL,PHI,11,9,82,141,2,44,13,16,0,0,0,0,0,38.10
2,Keenan Allen,WR,1,SD,DET,17,15,88,166,0,21,10,11,0,0,0,0,0,34.60
3,DeAndre Hopkins,WR,1,HOU,KC,13,9,69,98,2,17,8,11,0,0,0,0,0,32.80
4,Antonio Brown,WR,1,PIT,NE,11,9,82,133,1,37,12,15,0,0,0,0,0,31.30
5,Jordan Matthews,WR,1,PHI,ATL,13,10,77,102,0,25,8,10,0,0,0,0,0,23.20
6,Kendall Wright,WR,1,TEN,TB,4,4,100,101,1,52,25,25,0,0,0,0,0,23.10
7,Julian Edelman,WR,1,NE,PIT,12,11,92,97,0,14,8,9,1,9,0,0,0,21.60
8,James Jones,WR,1,GB,CHI,4,4,100,51,2,34,13,13,0,0,0,0,0,21.10
9,Jarvis Landry,WR,1,MIA,WAS,12,8,67,53,0,20,4,7,1,14,0,0,0,20.70
10,Steve Johnson,WR,1,SD,DET,6,6,100,82,1,34,14,14,0,0,0,0,0,20.20
11,Percy Harvin,WR,1,BUF,IND,5,5,100,79,1,51,16,16,1,9,0,0,0,19.80
12,Nate Washington,WR,1,HOU,KC,11,6,55,105,0,32,10,18,0,0,0,0,0,19.50
13,Brandon Marshall,WR,1,NYJ,CLE,9,6,67,62,1,18,7,10,0,0,0,0,0,18.20
14,Travis Benjamin,WR,1,CLE,NYJ,3,3,100,89,1,54,30,30,0,0,0,0,0,17.90
15,Donte Moncrief,WR,1,IND,BUF,11,6,55,46,1,15,4,8,0,0,0,0,0,16.60
16,TY Hilton,WR,1,IND,BUF,14,7,50,88,0,30,6,13,0,0,0,0,0,15.80
17,Rashad Greene,WR,1,JAX,CAR,13,7,54,28,1,6,2,4,0,0,0,0,0,15.80
18,Jermaine Kearse,WR,1,SEA,LA,10,8,80,76,0,23,8,10,0,0,0,0,0,15.60
19,Tavon Austin,WR,1,LA,SEA,5,2,40,-2,0,7,0,-1,4,17,1,1,0,15.50
20,Randall Cobb,WR,1,GB,CHI,5,5,100,38,1,10,8,8,0,0,0,0,0,14.80
21,Larry Fitzgerald,WR,1,ARI,NO,8,6,75,87,0,29,11,15,0,0,0,0,0,14.70
22,John Brown,WR,1,ARI,NO,7,4,57,46,1,14,7,12,0,0,0,0,0,14.60
23,Jerricho Cotchery,WR,1,CAR,JAX,6,4,67,45,1,24,8,11,0,0,0,0,0,14.50
24,Emmanuel Sanders,WR,1,DEN,BAL,12,8,67,65,0,18,5,8,0,0,0,0,0,14.50
25,Brandon Coleman,WR,1,NO,ARI,7,4,57,41,1,19,6,10,0,0,0,0,0,14.10
26,Rishard Matthews,WR,1,MIA,WAS,6,4,67,34,1,15,6,9,0,0,0,0,0,13.40
27,Pierre Garcon,WR,1,WAS,MIA,8,6,75,74,0,22,9,12,0,0,0,0,0,13.40
28,Tyler Lockett,WR,1,SEA,LA,4,4,100,34,0,12,9,9,0,0,0,0,0,13.40
29,Demaryius Thomas,WR,1,DEN,BAL,11,7,64,60,0,11,6,9,0,0,0,0,0,13.00
30,Alshon Jeffery,WR,1,CHI,GB,11,5,46,78,0,25,7,16,0,0,0,0,0,12.80
31,Roddy White,WR,1,ATL,PHI,8,4,50,84,0,25,11,21,0,0,0,0,0,12.40
32,Mike Wallace,WR,1,MIN,SF,7,6,86,63,0,19,9,11,0,0,0,0,0,12.30
33,Eric Decker,WR,1,NYJ,CLE,3,2,67,37,1,22,12,19,0,0,0,0,0,11.70
34,AJ Green,WR,1,CIN,OAK,8,5,63,63,0,30,8,13,0,0,0,0,0,11.30
35,Terrance Williams,WR,1,DAL,NYG,8,5,63,60,0,21,8,12,0,0,0,0,0,11.00
36,Markus Wheaton,WR,1,PIT,NE,7,3,43,55,0,26,8,18,0,0,0,0,0,10.50
37,Doug Baldwin,WR,1,SEA,LA,9,7,78,35,0,8,4,5,0,0,0,0,0,10.50
38,Harry Douglas,WR,1,TEN,TB,2,2,100,24,1,20,12,12,0,0,0,0,0,10.40
39,Jeremy Maclin,WR,1,KC,HOU,9,5,56,52,0,20,6,10,0,0,0,0,0,10.20
40,Allen Hurns,WR,1,JAX,CAR,7,5,71,60,0,24,9,12,0,0,0,1,1,10.00
41,Davante Adams,WR,1,GB,CHI,8,4,50,59,0,25,7,15,0,0,0,0,0,9.90
42,Darrius Heyward-Bey,WR,1,PIT,NE,7,4,57,58,0,43,8,15,0,0,0,0,0,9.80
43,Dez Bryant,WR,1,DAL,NYG,7,5,71,48,0,18,7,10,0,0,0,0,0,9.80
44,Cecil Shorts,WR,1,HOU,KC,8,4,50,57,0,20,7,14,0,0,0,0,0,9.70
45,Amari Cooper,WR,1,OAK,CIN,9,5,56,47,0,24,5,9,0,0,0,0,0,9.70
46,Chris Owusu,WR,1,NYJ,CLE,6,4,67,55,0,43,9,14,0,0,0,0,0,9.50
47,Odell Beckham Jr,WR,1,NYG,DAL,8,5,63,44,0,16,6,9,0,0,0,0,0,9.40
48,Brandin Cooks,WR,1,NO,ARI,8,4,50,49,0,30,6,12,1,4,0,0,0,9.30
49,Vincent Jackson,WR,1,TB,TEN,11,4,36,51,0,18,5,13,0,0,0,0,0,9.10
50,Stedman Bailey,WR,1,LA,SEA,4,3,75,58,0,29,15,19,0,0,0,0,0,8.80
1,Larry Fitzgerald,WR,2,ARI,CHI,9,8,89,112,3,28,12,14,0,0,0,0,0,40.20
2,Antonio Brown,WR,2,PIT,SF,11,9,82,195,1,59,18,22,0,0,0,0,0,39.50
3,Allen Robinson,WR,2,JAX,MIA,12,6,50,155,2,52,13,26,0,0,0,0,0,36.50
4,Travis Benjamin,WR,2,CLE,TEN,4,3,75,115,2,60,29,38,0,0,0,0,0,35.50
5,Julian Edelman,WR,2,NE,BUF,19,11,58,97,2,22,5,9,1,12,0,0,0,33.90
6,Odell Beckham Jr,WR,2,NYG,ATL,12,7,58,146,1,67,12,21,0,0,0,0,0,30.60
7,Julio Jones,WR,2,ATL,NYG,15,13,87,135,0,37,9,10,0,0,0,0,0,29.50
8,Michael Crabtree,WR,2,OAK,BAL,16,9,56,111,1,37,7,12,0,0,0,0,0,29.10
9,Torrey Smith,WR,2,SF,PIT,7,6,86,120,1,75,17,20,0,0,0,0,0,29.00
10,Emmanuel Sanders,WR,2,DEN,KC,14,8,57,87,2,19,6,11,1,0,0,0,0,28.70
11,Donte Moncrief,WR,2,IND,NYJ,8,7,88,122,1,30,15,17,0,0,0,0,0,28.20
12,Steve Smith,WR,2,BAL,OAK,16,10,63,150,0,37,9,15,0,0,0,0,0,28.00
13,Amari Cooper,WR,2,OAK,BAL,11,7,64,109,1,68,10,16,0,0,0,0,0,26.90
14,Brandon Marshall,WR,2,NYJ,IND,10,7,70,101,1,42,10,14,0,0,0,0,0,26.10
15,Calvin Johnson,WR,2,DET,MIN,17,10,59,83,1,18,5,8,0,0,0,0,0,24.30
16,Eric Decker,WR,2,NYJ,IND,11,8,73,97,1,20,9,12,0,0,0,0,0,23.70
17,Demaryius Thomas,WR,2,DEN,KC,14,8,57,116,0,22,8,15,0,0,0,0,0,22.60
18,Randall Cobb,WR,2,GB,SEA,11,8,73,116,0,25,11,15,0,0,0,0,0,22.60
19,Jarvis Landry,WR,2,MIA,JAX,10,8,80,110,0,36,11,14,1,6,0,0,0,22.60
20,Doug Baldwin,WR,2,SEA,GB,8,7,88,92,1,32,12,13,0,0,0,0,0,22.20
21,Rishard Matthews,WR,2,MIA,JAX,7,6,86,115,0,48,16,19,0,0,0,0,0,20.50
22,Jordan Matthews,WR,2,PHI,DAL,9,6,67,80,1,32,9,13,0,0,0,0,0,20.00
23,Leonard Hankerson,WR,2,ATL,NYG,11,6,55,77,1,20,7,13,0,0,0,0,0,19.70
24,Terrance Williams,WR,2,DAL,PHI,7,4,57,84,1,42,12,21,0,0,0,0,0,18.40
25,Anquan Boldin,WR,2,SF,PIT,10,6,60,60,1,14,6,10,0,0,0,0,0,18.00
26,Sammy Watkins,WR,2,BUF,NE,8,6,75,60,1,24,8,10,0,0,0,0,0,18.00
27,Darrius Heyward-Bey,WR,2,PIT,SF,5,4,80,77,1,41,15,19,0,0,0,0,0,17.70
28,Aaron Dobson,WR,2,NE,BUF,8,7,88,87,0,24,11,12,0,0,0,0,0,15.70
29,Steve Johnson,WR,2,SD,CIN,6,5,83,45,1,15,8,9,0,0,0,0,0,15.50
30,Robert Woods,WR,2,BUF,NE,3,3,100,60,1,32,20,20,0,0,0,0,0,15.00
31,Corey Brown,WR,2,CAR,HOU,4,3,75,57,1,36,14,19,0,0,0,0,0,14.70
32,Vincent Jackson,WR,2,TB,NO,5,3,60,54,1,22,11,18,0,0,0,0,0,14.40
33,Pierre Garcon,WR,2,WAS,LA,7,6,86,23,1,6,3,4,0,0,0,0,0,14.30
34,Ted Ginn,WR,2,CAR,HOU,9,4,44,41,1,25,5,10,0,0,0,0,0,14.10
35,Golden Tate,WR,2,DET,MIN,10,6,60,80,0,19,8,13,0,0,0,0,0,14.00
36,Malcom Floyd,WR,2,SD,CIN,4,2,50,55,1,40,14,28,0,0,0,0,0,13.50
37,AJ Green,WR,2,CIN,SD,4,3,75,45,1,23,11,15,0,0,0,0,0,13.50
38,Willie Snead,WR,2,NO,TB,6,4,67,44,1,16,7,11,0,0,0,1,1,13.40
39,Marvin Jones,WR,2,CIN,SD,5,2,40,48,1,45,10,24,1,3,0,0,0,13.10
40,Kamar Aiken,WR,2,BAL,OAK,7,5,71,89,0,38,13,18,0,0,0,1,1,12.90
41,Kenny Britt,WR,2,LA,WAS,4,2,50,44,1,40,11,22,0,0,0,0,0,12.40
42,Josh Bellamy,WR,2,CHI,ARI,2,1,50,48,1,48,24,48,0,0,0,0,0,11.80
43,Louis Murphy,WR,2,TB,NO,4,3,75,82,0,54,21,27,0,0,0,0,0,11.20
44,Eddie Royal,WR,2,CHI,ARI,8,7,88,41,0,15,5,6,0,0,0,0,0,11.10
45,Marques Colston,WR,2,NO,TB,5,4,80,69,0,24,14,17,0,0,0,0,0,10.90
46,Allen Hurns,WR,2,JAX,MIA,4,4,100,68,0,24,17,17,0,0,0,0,0,10.80
47,Brandin Cooks,WR,2,NO,TB,7,5,71,62,0,21,9,12,1,-4,0,0,0,10.80
48,DeAndre Hopkins,WR,2,HOU,CAR,11,5,46,53,0,16,5,11,0,0,0,0,0,10.30
49,Jaron Brown,WR,2,ARI,CHI,3,2,67,20,1,14,7,10,0,0,0,0,0,10.00
50,James Jones,WR,2,GB,SEA,3,1,33,29,1,29,10,29,0,0,0,0,0,9.90
1,AJ Green,WR,3,CIN,BAL,13,10,77,227,2,80,18,23,0,0,0,0,0,47.70
2,Steve Smith,WR,3,BAL,CIN,17,13,77,186,2,50,11,14,0,0,0,0,0,46.60
3,Julio Jones,WR,3,ATL,DAL,20,12,60,164,2,45,8,14,0,0,0,0,0,43.40
4,Keenan Allen,WR,3,SD,MIN,18,12,67,133,2,34,7,11,0,0,0,0,0,40.30
5,Larry Fitzgerald,WR,3,ARI,SF,11,9,82,134,2,23,12,15,0,0,0,0,0,37.40
6,Randall Cobb,WR,3,GB,KC,12,7,58,91,3,29,8,13,1,12,0,0,0,35.30
7,Rishard Matthews,WR,3,MIA,BUF,10,6,60,113,2,46,11,19,0,0,0,0,0,32.30
8,Jeremy Maclin,WR,3,KC,GB,11,8,73,141,1,61,13,18,0,0,0,0,0,31.10
9,James Jones,WR,3,GB,KC,8,7,88,139,1,52,17,20,0,0,0,0,0,29.90
10,Brandon Marshall,WR,3,NYJ,PHI,14,10,71,109,1,20,8,11,0,0,0,2,1,28.90
11,Rueben Randle,WR,3,NYG,WAS,7,7,100,116,1,41,17,17,0,0,0,0,0,27.60
12,DeAndre Hopkins,WR,3,HOU,TB,14,8,57,101,1,29,7,13,0,0,0,0,0,27.10
13,Antonio Brown,WR,3,PIT,LA,13,11,85,108,0,19,8,10,0,0,0,0,0,24.80
14,Kendall Wright,WR,3,TEN,IND,12,7,58,95,1,24,8,14,1,13,0,0,0,23.80
15,Amari Cooper,WR,3,OAK,CLE,11,8,73,134,0,40,12,17,0,0,0,1,1,23.40
16,Demaryius Thomas,WR,3,DEN,DET,13,9,69,92,1,45,7,10,0,0,0,1,1,23.20
17,Odell Beckham Jr,WR,3,NYG,WAS,9,7,78,79,1,30,9,11,0,0,0,0,0,20.90
18,Marvin Jones,WR,3,CIN,BAL,8,5,63,94,1,32,12,19,0,0,0,0,0,20.40
19,Kenny Britt,WR,3,LA,PIT,10,7,70,102,0,26,10,15,0,0,0,0,0,20.20
20,Mike Evans,WR,3,TB,HOU,17,7,41,101,0,20,6,14,0,0,0,0,0,20.10
21,Jarvis Landry,WR,3,MIA,BUF,13,8,62,67,0,13,5,8,1,-1,0,0,0,16.60
22,Julian Edelman,WR,3,NE,JAX,11,8,73,85,0,19,8,11,0,0,0,0,0,16.50
23,Calvin Johnson,WR,3,DET,DEN,13,8,62,77,0,25,6,10,0,0,0,0,0,15.70
24,Jeremy Kerley,WR,3,NYJ,PHI,11,6,55,33,1,9,3,6,0,0,0,0,0,15.30
25,Percy Harvin,WR,3,BUF,MIA,8,7,88,66,0,18,8,9,2,16,0,0,0,15.20
26,Allen Hurns,WR,3,JAX,NE,4,2,50,70,1,59,18,35,0,0,0,0,0,15.00
27,Danny Amendola,WR,3,NE,JAX,5,5,100,39,1,12,8,8,0,0,0,0,0,14.90
28,Brandin Cooks,WR,3,NO,CAR,8,7,88,79,0,16,10,11,0,0,0,0,0,14.90
29,Emmanuel Sanders,WR,3,DEN,DET,9,6,67,87,0,34,10,15,0,0,0,0,0,14.70
30,Seth Roberts,WR,3,OAK,CLE,5,3,60,56,1,36,11,19,0,0,0,0,0,14.60
31,Brian Hartline,WR,3,CLE,OAK,7,5,71,96,0,41,14,19,0,0,0,0,0,14.60
32,Jermaine Kearse,WR,3,SEA,CHI,6,6,100,76,0,22,13,13,0,0,0,0,0,13.60
33,Travis Benjamin,WR,3,CLE,OAK,10,4,40,45,1,17,5,11,0,0,0,1,1,13.50
34,TY Hilton,WR,3,IND,TEN,7,4,57,94,0,48,13,24,0,0,0,0,0,13.40
35,Ted Ginn,WR,3,CAR,NO,6,4,67,93,0,55,16,23,0,0,0,0,0,13.30
36,Chris Hogan,WR,3,BUF,MIA,4,3,75,42,1,38,11,14,0,0,0,0,0,13.20
37,Donte Moncrief,WR,3,IND,TEN,7,4,57,32,1,11,5,8,0,0,0,0,0,13.20
38,Jamison Crowder,WR,3,WAS,NYG,6,6,100,45,0,15,8,8,0,0,0,0,0,12.50
39,Phillip Dorsett,WR,3,IND,TEN,3,2,67,43,1,35,14,22,0,0,0,0,0,12.30
40,Keshawn Martin,WR,3,NE,JAX,3,3,100,33,1,13,11,11,0,0,0,0,0,12.30
41,Cecil Shorts,WR,3,HOU,TB,9,6,67,58,0,18,6,10,0,0,0,0,0,11.80
42,Pierre Garcon,WR,3,WAS,NYG,12,5,42,64,0,19,5,13,0,0,0,0,0,11.40
43,Jordan Matthews,WR,3,PHI,NYJ,8,6,75,49,0,17,6,8,0,0,0,0,0,10.90
44,Allen Robinson,WR,3,JAX,NE,9,4,44,68,0,37,8,17,0,0,0,0,0,10.80
45,Golden Tate,WR,3,DET,DEN,7,5,71,57,0,33,8,11,0,0,0,0,0,10.70
46,Rashad Ross,WR,3,WAS,NYG,2,2,100,27,0,20,14,14,0,0,0,0,0,10.70
47,Malcom Floyd,WR,3,SD,MIN,7,4,57,63,0,39,9,16,0,0,0,0,0,10.30
48,Dorial Green-Beckham,WR,3,TEN,IND,3,2,67,22,1,19,7,11,0,0,0,0,0,10.20
49,Quincy Enunwa,WR,3,NYJ,PHI,10,5,50,50,0,26,5,10,0,0,0,0,0,10.00
50,Ty Montgomery,WR,3,GB,KC,2,2,100,14,1,8,7,7,0,0,0,0,0,9.40
1,Vincent Jackson,WR,4,TB,CAR,15,10,67,147,1,23,10,15,0,0,0,0,0,33.70
2,Allen Hurns,WR,4,JAX,IND,15,11,73,116,1,26,8,11,0,0,0,1,0,31.60
3,Tavon Austin,WR,4,LA,ARI,7,6,86,96,2,47,14,16,2,20,0,0,0,29.60
4,Jeremy Maclin,WR,4,KC,CIN,13,11,85,148,0,44,11,14,0,0,0,0,0,28.80
5,DeAndre Hopkins,WR,4,HOU,ATL,22,9,41,157,0,28,7,17,0,0,0,0,0,27.70
6,Leonard Hankerson,WR,4,ATL,HOU,8,6,75,103,1,55,13,17,0,0,0,0,0,25.30
7,Brandon Marshall,WR,4,NYJ,MIA,11,7,64,128,0,58,12,18,0,0,0,0,0,22.80
8,Mike Wallace,WR,4,MIN,DEN,10,8,80,83,1,18,8,10,0,0,0,0,0,22.30
9,Cecil Shorts,WR,4,HOU,ATL,10,6,60,87,1,42,9,15,0,0,0,1,1,19.70
10,Kenny Stills,WR,4,MIA,NYJ,8,5,63,81,1,42,10,16,0,0,0,0,0,19.10
11,Kamar Aiken,WR,4,BAL,PIT,7,5,71,77,1,20,11,15,0,0,0,0,0,18.70
12,Pierre Garcon,WR,4,WAS,PHI,8,7,88,55,1,14,7,8,0,0,0,0,0,18.50
13,Eddie Royal,WR,4,CHI,OAK,10,7,70,54,1,21,5,8,0,0,0,0,0,18.40
14,Demaryius Thomas,WR,4,DEN,MIN,12,9,75,93,0,30,8,10,0,0,0,0,0,18.30
15,Keenan Allen,WR,4,SD,CLE,7,4,57,72,1,31,10,18,0,0,0,0,0,17.20
16,Dwayne Harris,WR,4,NYG,BUF,6,5,83,51,1,21,9,10,0,0,0,0,0,16.10
17,Larry Fitzgerald,WR,4,ARI,LA,9,7,78,99,0,22,11,14,0,0,0,1,1,15.90
18,Ted Ginn,WR,4,CAR,TB,3,2,67,18,2,12,6,9,0,0,0,0,0,15.80
19,John Brown,WR,4,ARI,LA,10,7,70,75,0,14,8,11,1,13,0,0,0,15.80
20,Riley Cooper,WR,4,PHI,WAS,3,2,67,72,1,62,24,36,0,0,0,0,0,15.20
21,AJ Green,WR,4,CIN,KC,10,7,70,82,0,36,8,12,0,0,0,0,0,15.20
22,Amari Cooper,WR,4,OAK,CHI,9,4,44,49,1,26,5,12,0,0,0,0,0,14.90
23,Willie Snead,WR,4,NO,DAL,6,6,100,89,0,20,15,15,0,0,0,0,0,14.90
24,James Jones,WR,4,GB,SF,6,5,83,98,0,38,16,20,0,0,0,0,0,14.80
25,Stefon Diggs,WR,4,MIN,DEN,10,6,60,87,0,25,9,15,0,0,0,2,0,14.70
26,Eric Decker,WR,4,NYJ,MIA,5,4,80,46,1,26,9,12,0,0,0,0,0,14.60
27,Marquess Wilson,WR,4,CHI,OAK,9,6,67,80,0,35,9,13,0,0,0,0,0,14.00
28,Terrance Williams,WR,4,DAL,NO,10,3,30,49,1,24,5,16,0,0,0,0,0,13.90
29,Travis Benjamin,WR,4,CLE,SD,10,6,60,79,0,18,8,13,0,0,0,0,0,13.90
30,TY Hilton,WR,4,IND,JAX,13,7,54,67,0,17,5,10,0,0,0,0,0,13.70
31,Donte Moncrief,WR,4,IND,JAX,9,6,67,75,0,21,8,13,0,0,0,0,0,13.50
32,Jamison Crowder,WR,4,WAS,PHI,12,7,58,65,0,22,5,9,0,0,0,0,0,13.50
33,Miles Austin,WR,4,PHI,WAS,3,2,67,51,1,39,17,26,0,0,0,0,0,13.10
34,Darrius Heyward-Bey,WR,4,PIT,BAL,5,4,80,31,1,12,6,8,0,0,0,0,0,13.10
35,Michael Crabtree,WR,4,OAK,CHI,6,5,83,80,0,25,13,16,0,0,0,0,0,13.00
36,Adam Thielen,WR,4,MIN,DEN,8,6,75,70,0,18,9,12,0,0,0,0,0,13.00
37,Doug Baldwin,WR,4,SEA,DET,4,3,75,36,1,24,9,12,0,0,0,0,0,12.60
38,Brandon Tate,WR,4,CIN,KC,1,1,100,55,1,55,55,55,0,0,0,0,0,12.50
39,Mohamed Sanu,WR,4,CIN,KC,6,4,67,84,0,52,14,21,0,0,0,0,0,12.40
40,Cole Beasley,WR,4,DAL,NO,6,6,100,62,0,19,10,10,0,0,0,0,0,12.20
41,Rueben Randle,WR,4,NYG,BUF,6,3,50,31,1,22,5,10,0,0,0,0,0,12.10
42,Allen Robinson,WR,4,JAX,IND,12,4,33,80,0,48,7,20,0,0,0,0,0,12.00
43,Dontrelle Inman,WR,4,SD,CLE,5,3,60,88,0,68,18,29,0,0,0,0,0,11.80
44,Calvin Johnson,WR,4,DET,SEA,11,7,64,56,0,15,5,8,0,0,0,1,1,11.60
45,Stedman Bailey,WR,4,LA,ARI,3,2,67,30,1,18,10,15,0,0,0,0,0,11.00
46,Jarvis Landry,WR,4,MIA,NYJ,12,4,33,40,0,20,3,10,2,29,0,0,0,10.90
47,Michael Floyd,WR,4,ARI,LA,7,5,71,59,0,22,8,12,0,0,0,0,0,10.90
48,Michael Campanaro,WR,4,BAL,PIT,2,2,100,16,0,9,8,8,1,9,1,0,0,10.50
49,Jermaine Kearse,WR,4,SEA,DET,2,2,100,84,0,50,42,42,0,0,0,0,0,10.40
50,Emmanuel Sanders,WR,4,DEN,MIN,6,3,50,68,0,43,11,23,0,0,0,0,0,9.80
1,DeAndre Hopkins,WR,5,HOU,IND,14,11,79,169,0,34,12,15,0,0,0,0,0,30.90
2,Odell Beckham Jr,WR,5,NYG,SF,11,7,64,121,1,49,11,17,1,3,0,0,0,28.40
3,Anquan Boldin,WR,5,SF,NYG,12,8,67,107,1,37,9,13,0,0,0,0,0,27.70
4,Allen Robinson,WR,5,JAX,TB,9,7,78,72,2,21,8,10,0,0,0,0,0,26.20
5,Andre Johnson,WR,5,IND,HOU,7,6,86,77,2,24,11,13,0,0,0,0,0,25.70
6,Allen Hurns,WR,5,JAX,TB,6,5,83,116,1,59,19,23,0,0,0,0,0,25.60
7,Julian Edelman,WR,5,NE,DAL,5,4,80,120,1,59,24,30,0,0,0,0,0,25.00
8,Brandin Cooks,WR,5,NO,PHI,9,5,56,107,1,46,12,21,0,0,0,0,0,24.70
9,Willie Snead,WR,5,NO,PHI,11,6,55,141,0,59,13,24,0,0,0,0,0,23.10
10,Emmanuel Sanders,WR,5,DEN,OAK,12,9,75,111,0,45,9,12,0,0,0,0,0,23.10
11,Marquess Wilson,WR,5,CHI,KC,8,6,75,85,1,33,11,14,0,0,0,0,0,20.50
12,Jaelen Strong,WR,5,HOU,IND,2,2,100,53,2,42,27,27,0,0,0,0,0,19.30
13,Josh Huff,WR,5,PHI,NO,5,4,80,78,1,41,16,20,0,0,0,0,0,17.80
14,Julio Jones,WR,5,ATL,WAS,10,5,50,67,0,20,7,13,0,0,1,1,0,17.70
15,Lance Moore,WR,5,DET,ARI,8,6,75,55,1,22,7,9,0,0,0,0,0,17.50
16,John Brown,WR,5,ARI,DET,4,4,100,73,1,49,18,18,0,0,0,0,0,17.30
17,Larry Fitzgerald,WR,5,ARI,DET,7,5,71,58,1,26,8,12,0,0,0,0,0,16.80
18,Jamison Crowder,WR,5,WAS,ATL,8,8,100,87,0,26,11,11,1,0,0,1,0,16.70
19,Jeremy Maclin,WR,5,KC,CHI,12,8,67,85,0,23,7,11,0,0,0,0,0,16.50
20,Ty Montgomery,WR,5,GB,LA,5,4,80,59,1,31,12,15,0,0,0,0,0,15.90
21,James Jones,WR,5,GB,LA,3,2,67,77,1,65,26,39,0,0,0,0,0,15.70
22,Golden Tate,WR,5,DET,ARI,18,8,44,74,0,21,4,9,1,8,0,1,1,15.20
23,Chris Hogan,WR,5,BUF,TEN,3,3,100,52,1,46,17,17,0,0,0,0,0,14.36
24,Travis Benjamin,WR,5,CLE,BAL,12,6,50,83,0,25,7,14,0,0,0,0,0,14.30
25,Markus Wheaton,WR,5,PIT,SD,3,1,33,72,1,72,24,72,0,0,0,0,0,14.20
26,Andrew Hawkins,WR,5,CLE,BAL,9,7,78,49,0,22,5,7,0,0,0,0,0,13.90
27,TY Hilton,WR,5,IND,HOU,9,5,56,88,0,43,10,18,0,0,0,0,0,13.80
28,AJ Green,WR,5,CIN,SEA,8,6,75,78,0,22,10,13,0,0,0,0,0,13.80
29,Dwayne Harris,WR,5,NYG,SF,8,6,75,72,0,24,9,12,0,0,0,0,0,13.20
30,Mohamed Sanu,WR,5,CIN,SEA,5,5,100,69,0,25,14,14,0,0,0,0,0,11.90
31,Jermaine Kearse,WR,5,SEA,CIN,3,2,67,38,1,30,13,19,0,0,0,0,0,11.80
32,Kamar Aiken,WR,5,BAL,CLE,9,4,44,78,0,48,9,20,0,0,0,0,0,11.80
33,Calvin Johnson,WR,5,DET,ARI,7,5,71,67,0,23,10,13,0,0,0,0,0,11.70
34,Keenan Allen,WR,5,SD,PIT,10,6,60,57,0,20,6,10,0,0,0,0,0,11.70
35,Taylor Gabriel,WR,5,CLE,BAL,5,4,80,75,0,56,15,19,0,0,0,0,0,11.50
36,Marvin Jones,WR,5,CIN,SEA,8,5,63,61,0,44,8,12,0,0,0,0,0,11.10
37,Tavon Austin,WR,5,LA,GB,5,2,40,6,1,5,1,3,3,22,0,0,0,10.80
38,Demaryius Thomas,WR,5,DEN,OAK,8,5,63,55,0,17,7,11,0,0,0,0,0,10.50
39,Bryan Walters,WR,5,JAX,TB,4,4,100,64,0,24,16,16,0,0,0,0,0,10.40
40,Stedman Bailey,WR,5,LA,GB,5,3,60,73,0,68,15,24,0,0,0,0,0,10.30
41,Doug Baldwin,WR,5,SEA,CIN,3,3,100,70,0,46,23,23,0,0,0,0,0,10.00
42,Michael Crabtree,WR,5,OAK,DEN,9,4,44,54,0,25,6,14,0,0,0,0,0,9.40
43,Jordan Matthews,WR,5,PHI,NO,7,5,71,44,0,18,6,9,0,0,0,0,0,9.40
44,Cameron Meredith,WR,5,CHI,KC,4,4,100,52,0,20,13,13,0,0,0,0,0,9.20
45,Rueben Randle,WR,5,NYG,SF,6,5,83,42,0,16,7,8,0,0,0,0,0,9.20
46,Josh Bellamy,WR,5,CHI,KC,8,6,75,31,0,8,4,5,0,0,0,0,0,9.10
47,Amari Cooper,WR,5,OAK,DEN,4,4,100,47,0,21,12,12,1,2,0,0,0,8.90
48,Pierre Garcon,WR,5,WAS,ATL,8,3,38,51,0,21,6,17,0,0,0,0,0,8.10
49,Cole Beasley,WR,5,DAL,NE,6,4,67,40,0,21,7,10,0,0,0,0,0,8.00
50,Malcom Floyd,WR,5,SD,PIT,4,3,75,48,0,32,12,16,0,0,0,0,0,7.80
1,DeAndre Hopkins,WR,6,HOU,JAX,15,10,67,148,2,29,10,15,0,0,0,0,0,39.80
2,Martavis Bryant,WR,6,PIT,ARI,8,6,75,137,2,88,17,23,1,8,0,0,0,35.50
3,Keenan Allen,WR,6,SD,GB,15,14,93,157,0,38,11,11,0,0,0,0,0,32.70
4,Alshon Jeffery,WR,6,CHI,DET,11,8,73,147,1,45,13,18,0,0,0,0,0,31.70
5,Calvin Johnson,WR,6,DET,CHI,9,6,67,166,1,57,18,28,0,0,0,0,0,31.60
6,John Brown,WR,6,ARI,PIT,14,10,71,196,0,45,14,20,0,0,0,1,1,31.60
7,Steve Smith,WR,6,BAL,SF,10,7,70,137,1,34,14,20,0,0,0,0,0,29.70
8,Brandon Marshall,WR,6,NYJ,WAS,9,7,78,111,1,35,12,16,0,0,0,1,1,26.10
9,Lance Moore,WR,6,DET,CHI,6,5,83,106,1,42,18,21,0,0,0,0,0,24.60
10,Marvin Jones,WR,6,CIN,BUF,12,9,75,95,1,42,8,11,0,0,0,0,0,24.50
11,Demaryius Thomas,WR,6,DEN,CLE,17,10,59,111,0,20,7,11,0,0,0,0,0,24.10
12,Emmanuel Sanders,WR,6,DEN,CLE,12,4,33,109,1,75,9,27,0,0,0,0,0,23.90
13,Travis Benjamin,WR,6,CLE,DEN,13,9,69,117,0,47,9,13,0,0,0,0,0,23.70
14,Stefon Diggs,WR,6,MIN,KC,9,7,78,129,0,31,14,18,0,0,0,0,0,22.90
15,Allen Robinson,WR,6,JAX,HOU,12,6,50,86,1,25,7,14,0,0,0,0,0,20.60
16,Danny Amendola,WR,6,NE,IND,9,7,78,105,0,35,12,15,0,0,0,0,0,20.50
17,TY Hilton,WR,6,IND,NE,9,6,67,74,1,27,8,12,0,0,0,0,0,19.40
18,Odell Beckham Jr,WR,6,NYG,PHI,8,7,88,61,1,17,8,9,0,0,0,0,0,19.10
19,Donte Moncrief,WR,6,IND,NE,11,6,55,69,1,20,6,12,0,0,0,0,0,18.90
20,Torrey Smith,WR,6,SF,BAL,6,3,50,96,1,76,16,32,0,0,0,0,0,18.60
21,Anquan Boldin,WR,6,SF,BAL,9,5,56,102,0,51,11,20,0,0,0,0,0,18.20
22,Larry Fitzgerald,WR,6,ARI,PIT,10,8,80,93,0,44,9,12,0,0,0,0,0,17.30
23,Julian Edelman,WR,6,NE,IND,10,6,60,50,1,13,5,8,1,2,0,0,0,17.20
24,Bryan Walters,WR,6,JAX,HOU,12,8,67,87,0,29,7,11,0,0,0,0,0,16.70
25,Riley Cooper,WR,6,PHI,NYG,6,3,50,76,1,43,13,25,0,0,0,0,0,16.60
26,Michael Floyd,WR,6,ARI,PIT,8,5,63,50,1,18,6,10,0,0,0,0,0,16.00
27,Golden Tate,WR,6,DET,CHI,8,6,75,40,1,22,5,7,0,0,0,0,0,16.00
28,Jarvis Landry,WR,6,MIA,TEN,4,3,75,42,0,19,11,14,2,24,1,0,0,15.60
29,Julio Jones,WR,6,ATL,NO,10,6,60,93,0,30,9,16,0,0,0,0,0,15.30
30,Eric Decker,WR,6,NYJ,WAS,7,4,57,59,1,35,8,15,0,0,0,1,1,14.90
31,Sammy Watkins,WR,6,BUF,CIN,5,4,80,48,1,22,10,12,0,0,0,0,0,14.80
32,Albert Wilson,WR,6,KC,MIN,6,3,50,57,1,42,10,19,0,0,0,0,0,14.70
33,Malcom Floyd,WR,6,SD,GB,12,5,42,95,0,50,8,19,0,0,0,0,0,14.50
34,Rishard Matthews,WR,6,MIA,TEN,6,6,100,85,0,24,14,14,0,0,0,0,0,14.50
35,Pierre Garcon,WR,6,WAS,NYJ,8,5,63,28,1,12,4,6,0,0,0,0,0,13.80
36,Ricardo Lockette,WR,6,SEA,CAR,2,2,100,43,1,40,22,22,0,0,0,0,0,12.30
37,Quinton Patton,WR,6,SF,BAL,3,2,67,38,1,21,13,19,0,0,0,0,0,11.80
38,Roddy White,WR,6,ATL,NO,4,3,75,23,1,8,6,8,0,0,0,0,0,11.30
39,Kamar Aiken,WR,6,BAL,SF,8,3,38,22,1,12,3,7,0,0,0,0,0,11.20
40,Allen Hurns,WR,6,JAX,HOU,7,2,29,30,1,19,4,15,0,0,0,0,0,11.00
41,James Jones,WR,6,GB,SD,5,2,40,30,1,22,6,15,0,0,0,0,0,11.00
42,Griff Whalen,WR,6,IND,NE,3,2,67,30,1,18,10,15,0,0,0,0,0,11.00
43,Jordan Matthews,WR,6,PHI,NYG,11,6,55,59,0,19,5,10,0,0,0,1,1,10.90
44,Dontrelle Inman,WR,6,SD,GB,7,3,43,18,1,9,3,6,0,0,0,0,0,10.80
45,Cecil Shorts,WR,6,HOU,JAX,6,4,67,63,0,31,11,16,0,0,0,0,0,10.30
46,Jeff Janis,WR,6,GB,SD,4,2,50,79,0,46,20,40,0,0,0,0,0,9.90
47,Eddie Royal,WR,6,CHI,DET,7,5,71,49,0,30,7,10,0,0,0,0,0,9.90
48,Willie Snead,WR,6,NO,ATL,5,4,80,55,0,24,11,14,0,0,0,0,0,9.50
49,Rueben Randle,WR,6,NYG,PHI,6,5,83,44,0,15,7,9,0,0,0,0,0,9.40
50,Miles Austin,WR,6,PHI,NYG,3,3,100,60,0,37,20,20,0,0,0,0,0,9.00
1,Nate Washington,WR,7,HOU,MIA,16,9,56,127,2,27,8,14,0,0,0,0,0,36.70
2,TY Hilton,WR,7,IND,NO,15,4,27,150,2,87,10,38,0,0,0,0,0,34.00
3,Mike Evans,WR,7,TB,WAS,12,8,67,164,1,40,14,21,0,0,0,0,0,33.40
4,Amari Cooper,WR,7,OAK,SD,6,5,83,133,1,52,22,27,0,0,0,0,0,27.30
5,Stefon Diggs,WR,7,MIN,DET,9,6,67,108,1,36,12,18,1,9,0,0,0,26.70
6,Jarvis Landry,WR,7,MIA,HOU,5,5,100,83,2,50,17,17,1,5,0,0,0,25.80
7,Julio Jones,WR,7,ATL,TEN,17,9,53,92,1,21,5,10,0,0,0,0,0,24.20
8,Robert Woods,WR,7,BUF,JAX,13,9,69,84,1,16,7,9,0,0,0,0,0,23.40
9,Danny Amendola,WR,7,NE,NYJ,9,8,89,86,1,23,10,11,0,0,0,0,0,22.60
10,Antonio Brown,WR,7,PIT,KC,8,6,75,124,0,41,16,21,1,6,0,0,0,22.00
11,Allen Robinson,WR,7,JAX,BUF,9,6,67,98,1,23,11,16,0,0,0,0,0,21.80
12,Calvin Johnson,WR,7,DET,MIN,7,5,71,86,1,46,12,17,0,0,0,0,0,19.60
13,Tyler Lockett,WR,7,SEA,SF,5,5,100,79,1,43,16,16,0,0,0,0,0,18.90
14,Michael Crabtree,WR,7,OAK,SD,8,6,75,63,1,25,8,11,0,0,0,0,0,18.30
15,Chris Conley,WR,7,KC,PIT,7,6,86,63,1,25,9,11,0,0,0,0,0,18.30
16,Keenan Allen,WR,7,SD,OAK,13,9,69,89,0,18,7,10,0,0,0,0,0,17.90
17,Rishard Matthews,WR,7,MIA,HOU,3,3,100,75,1,53,25,25,0,0,0,0,0,16.50
18,John Brown,WR,7,ARI,BAL,6,4,67,65,1,35,11,16,0,0,0,0,0,16.50
19,Eric Decker,WR,7,NYJ,NE,12,6,50,94,0,24,8,16,0,0,0,0,0,15.40
20,Ted Ginn,WR,7,CAR,PHI,8,5,63,59,0,20,7,12,1,43,0,0,0,15.20
21,Michael Floyd,WR,7,ARI,BAL,4,3,75,59,1,33,15,20,0,0,0,0,0,14.90
22,Martavis Bryant,WR,7,PIT,KC,8,3,38,45,1,19,6,15,1,13,0,0,0,14.80
23,Kendall Wright,WR,7,TEN,ATL,8,4,50,46,1,19,6,12,0,0,0,0,0,14.60
24,Ryan Grant,WR,7,WAS,TB,3,3,100,54,1,32,18,18,0,0,0,0,0,14.40
25,Brandin Cooks,WR,7,NO,IND,13,6,46,81,0,47,6,14,0,0,0,1,0,14.10
26,Donte Moncrief,WR,7,IND,NO,6,4,67,34,1,12,6,9,0,0,0,0,0,13.40
27,Allen Hurns,WR,7,JAX,BUF,8,2,25,53,1,31,7,27,0,0,0,0,0,13.30
28,Marcus Easley,WR,7,BUF,JAX,1,1,100,58,1,58,58,58,0,0,0,0,0,12.80
29,Steve Smith,WR,7,BAL,ARI,9,5,56,78,0,29,9,16,0,0,0,0,0,12.80
30,Dwayne Harris,WR,7,NYG,DAL,2,2,100,43,0,38,22,22,0,0,0,0,0,12.30
31,Jeremy Kerley,WR,7,NYJ,NE,4,3,75,27,1,12,7,9,0,0,0,0,0,11.70
32,Chris Hogan,WR,7,BUF,JAX,11,6,55,56,0,14,5,9,0,0,0,0,0,11.60
33,Terrance Williams,WR,7,DAL,NYG,7,4,57,70,0,27,10,18,0,0,0,0,0,11.00
34,DeAndre Hopkins,WR,7,HOU,MIA,12,6,50,50,0,11,4,8,0,0,0,1,0,11.00
35,Brandon Marshall,WR,7,NYJ,NE,7,4,57,67,0,29,10,17,0,0,0,0,0,10.70
36,Pierre Garcon,WR,7,WAS,TB,6,5,83,55,0,21,9,11,0,0,0,0,0,10.50
37,Tavon Austin,WR,7,LA,CLE,7,4,57,43,0,20,6,11,1,21,0,0,0,10.40
38,Julian Edelman,WR,7,NE,NYJ,9,5,56,54,0,27,6,11,0,0,0,0,0,10.40
39,Albert Wilson,WR,7,KC,PIT,6,3,50,71,0,40,12,24,0,0,0,0,0,10.10
40,Jamison Crowder,WR,7,WAS,TB,5,5,100,48,0,18,10,10,0,0,0,0,0,9.80
41,Devin Street,WR,7,DAL,NYG,1,1,100,25,1,25,25,25,0,0,0,0,0,9.50
42,Jermaine Kearse,WR,7,SEA,SF,4,3,75,64,0,36,16,21,0,0,0,0,0,9.40
43,Miles Austin,WR,7,PHI,CAR,6,4,67,52,0,22,9,13,0,0,0,0,0,9.20
44,Steve Johnson,WR,7,SD,OAK,8,4,50,50,0,23,6,13,0,0,0,1,0,9.00
45,Rueben Randle,WR,7,NYG,DAL,5,2,40,68,0,44,14,34,0,0,0,0,0,8.80
46,Andre Johnson,WR,7,IND,NO,4,4,100,44,0,35,11,11,0,0,0,0,0,8.40
47,Andre Roberts,WR,7,WAS,TB,6,3,50,49,0,38,8,16,0,0,0,0,0,7.90
48,Roddy White,WR,7,ATL,TEN,4,3,75,48,0,17,12,16,0,0,0,0,0,7.80
49,Donteea Dye,WR,7,TB,WAS,1,1,100,7,1,7,7,7,0,0,0,0,0,7.70
50,Travis Benjamin,WR,7,CLE,LA,8,4,50,47,0,21,6,12,0,0,0,1,1,7.70
1,Odell Beckham Jr,WR,8,NYG,NO,9,8,89,130,3,50,14,16,0,0,0,0,0,42.00
2,Julio Jones,WR,8,ATL,TB,13,12,92,162,1,35,13,14,0,0,0,1,1,36.20
3,AJ Green,WR,8,CIN,PIT,17,11,65,118,1,38,7,11,0,0,0,0,0,31.80
4,Alshon Jeffery,WR,8,CHI,MIN,15,10,67,116,1,28,8,12,0,0,0,0,0,30.60
5,Marques Colston,WR,8,NO,NYG,9,8,89,114,1,53,13,14,0,0,0,0,0,28.40
6,Demaryius Thomas,WR,8,DEN,GB,11,8,73,168,0,47,15,21,0,0,0,0,0,27.80
7,Julian Edelman,WR,8,NE,MIA,9,7,78,81,2,20,9,12,0,0,0,0,0,27.10
8,Tavon Austin,WR,8,LA,SF,7,4,57,98,1,66,14,25,3,21,1,1,1,26.90
9,Brandin Cooks,WR,8,NO,NYG,8,6,75,88,2,26,11,15,1,-3,0,0,0,26.50
10,Michael Crabtree,WR,8,OAK,NYJ,12,7,58,102,1,36,9,15,0,0,0,0,0,26.20
11,Malcom Floyd,WR,8,SD,BAL,6,4,67,92,2,70,15,23,0,0,0,0,0,25.20
12,Willie Snead,WR,8,NO,NYG,8,6,75,70,2,34,9,12,0,0,0,0,0,25.00
13,Michael Floyd,WR,8,ARI,CLE,8,4,50,106,1,60,13,27,0,0,0,0,0,23.60
14,DeAndre Hopkins,WR,8,HOU,TEN,11,8,73,94,1,21,9,12,0,0,0,0,0,23.40
15,Brandon Marshall,WR,8,NYJ,OAK,18,9,50,108,0,28,6,12,0,0,0,0,0,22.80
16,Larry Fitzgerald,WR,8,ARI,CLE,11,9,82,84,1,16,8,9,0,0,0,1,1,22.40
17,Stefon Diggs,WR,8,MIN,CHI,12,6,50,95,1,40,8,16,0,0,0,0,0,21.50
18,Andre Holmes,WR,8,OAK,NYJ,3,2,67,54,2,49,18,27,0,0,0,0,0,19.40
19,Brian Hartline,WR,8,CLE,ARI,10,4,40,32,2,14,3,8,0,0,0,0,0,19.20
20,Dwayne Harris,WR,8,NYG,NO,7,3,43,37,2,20,5,12,0,0,0,0,0,18.70
21,Andre Johnson,WR,8,IND,CAR,8,4,50,81,1,30,10,20,0,0,0,0,0,18.10
22,Eric Decker,WR,8,NYJ,OAK,7,6,86,60,1,21,9,10,0,0,0,0,0,18.00
23,Nate Washington,WR,8,HOU,TEN,6,4,67,74,1,42,12,19,0,0,0,0,0,17.40
24,Antonio Brown,WR,8,PIT,CIN,11,6,55,47,1,17,4,8,0,0,0,0,0,16.70
25,Corey Brown,WR,8,CAR,IND,5,3,60,42,1,23,8,14,1,14,0,0,0,14.60
26,Keenan Allen,WR,8,SD,BAL,5,5,100,35,1,13,7,7,0,0,0,0,0,14.50
27,Calvin Johnson,WR,8,DET,KC,10,5,50,85,0,30,9,17,0,0,0,0,0,13.50
28,Steve Smith,WR,8,BAL,SD,7,5,71,82,0,46,12,16,0,0,0,0,0,13.20
29,Rishard Matthews,WR,8,MIA,NE,12,7,58,62,0,17,5,9,0,0,0,0,0,13.20
30,Jarvis Landry,WR,8,MIA,NE,8,6,75,71,0,18,9,12,0,0,0,1,0,13.10
31,Jeremy Maclin,WR,8,KC,DET,5,3,60,35,1,17,7,12,0,0,0,0,0,12.50
32,Kamar Aiken,WR,8,BAL,SD,6,6,100,62,0,18,10,10,0,0,0,0,0,12.20
33,Lance Moore,WR,8,DET,KC,3,3,100,29,1,21,10,10,0,0,0,0,0,11.90
34,Golden Tate,WR,8,DET,KC,7,6,86,59,0,16,8,10,0,0,0,0,0,11.90
35,Rueben Randle,WR,8,NYG,NO,9,5,56,55,0,19,6,11,0,0,0,0,0,10.50
36,Jeremy Kerley,WR,8,NYJ,OAK,5,4,80,63,0,25,13,16,0,0,0,0,0,10.30
37,Kenbrell Thompkins,WR,8,NYJ,OAK,7,6,86,41,0,12,6,7,0,0,0,0,0,10.10
38,JJ Nelson,WR,8,ARI,CLE,4,3,75,70,0,38,18,23,1,0,0,0,0,10.00
39,Amari Cooper,WR,8,OAK,NYJ,9,5,56,46,0,13,5,9,1,2,0,0,0,9.80
40,Griff Whalen,WR,8,IND,CAR,5,5,100,48,0,12,10,10,0,0,0,0,0,9.80
41,Randall Cobb,WR,8,GB,DEN,9,6,67,27,0,17,3,5,1,10,0,0,0,9.70
42,Martavis Bryant,WR,8,PIT,CIN,9,4,44,49,0,21,5,12,0,0,0,0,0,8.90
43,Kenny Stills,WR,8,MIA,NE,7,3,43,58,0,25,8,19,0,0,0,0,0,8.80
44,Chris Givens,WR,8,BAL,SD,4,3,75,57,0,39,14,19,0,0,0,0,0,8.70
45,Brandon LaFell,WR,8,NE,MIA,7,4,57,47,0,25,7,12,0,0,0,0,0,8.70
46,Ted Ginn,WR,8,CAR,IND,10,2,20,60,0,48,6,30,0,0,0,0,0,8.00
47,Mike Evans,WR,8,TB,ATL,9,3,33,48,0,21,5,16,0,0,0,0,0,7.80
48,Taylor Gabriel,WR,8,CLE,ARI,7,4,57,32,0,9,5,8,0,0,0,0,0,7.20
49,Kendall Wright,WR,8,TEN,HOU,7,4,57,21,0,18,3,5,1,7,0,0,0,6.80
50,Tyler Lockett,WR,8,SEA,DAL,4,3,75,36,0,16,9,12,0,0,0,0,0,6.60
1,Antonio Brown,WR,9,PIT,OAK,23,17,74,284,0,59,12,17,2,22,0,1,1,49.60
2,Cole Beasley,WR,9,DAL,PHI,11,9,82,112,2,30,10,12,0,0,0,0,0,35.20
3,Sammy Watkins,WR,9,BUF,MIA,8,8,100,168,1,63,21,21,0,0,0,0,0,33.80
4,Michael Crabtree,WR,9,OAK,PIT,12,7,58,108,2,38,9,15,0,0,0,0,0,32.80
5,Jordan Matthews,WR,9,PHI,DAL,12,9,75,133,1,41,11,15,0,0,0,0,0,31.30
6,Alshon Jeffery,WR,9,CHI,SD,16,10,63,151,0,47,9,15,0,0,0,0,0,28.10
7,Julio Jones,WR,9,ATL,SF,17,10,59,137,0,54,8,14,0,0,0,0,0,26.70
8,Allen Hurns,WR,9,JAX,NYJ,8,5,63,122,1,30,15,24,0,0,0,0,0,26.20
9,Mike Evans,WR,9,TB,NYG,19,8,42,150,0,68,8,19,0,0,0,1,1,25.00
10,Dez Bryant,WR,9,DAL,PHI,8,5,63,104,1,51,13,21,0,0,0,0,0,24.40
11,Odell Beckham Jr,WR,9,NYG,TB,17,9,53,105,0,24,6,12,0,0,0,1,0,22.50
12,Amari Cooper,WR,9,OAK,PIT,13,7,54,88,1,21,7,13,0,0,0,0,0,21.80
13,Allen Robinson,WR,9,JAX,NYJ,11,6,55,121,0,44,11,20,0,0,0,0,0,21.10
14,Emmanuel Sanders,WR,9,DEN,IND,11,6,55,90,1,64,8,15,0,0,0,0,0,21.00
15,Jarvis Landry,WR,9,MIA,BUF,13,11,85,69,0,24,5,6,4,18,0,0,0,20.06
16,Randall Cobb,WR,9,GB,CAR,12,4,33,99,1,53,8,25,0,0,0,0,0,19.90
17,Eric Decker,WR,9,NYJ,JAX,9,6,67,79,1,25,9,13,0,0,0,0,0,19.90
18,Davante Adams,WR,9,GB,CAR,11,7,64,93,0,40,9,13,0,0,0,0,0,18.30
19,Brandon LaFell,WR,9,NE,WAS,9,5,56,102,0,48,11,20,0,0,0,0,0,18.20
20,Brandin Cooks,WR,9,NO,TEN,6,4,67,71,1,38,12,18,0,0,0,0,0,17.10
21,Bryan Walters,WR,9,JAX,NYJ,7,5,71,54,1,20,8,11,0,0,0,0,0,16.40
22,Devin Funchess,WR,9,CAR,GB,4,3,75,71,1,52,18,24,0,0,0,0,0,16.10
23,Julian Edelman,WR,9,NE,WAS,8,5,63,55,1,24,7,11,0,0,0,1,1,15.50
24,Willie Snead,WR,9,NO,TEN,10,6,60,95,0,32,10,16,0,0,0,0,0,15.50
25,Rueben Randle,WR,9,NYG,TB,5,5,100,40,1,13,8,8,0,0,0,0,0,15.00
26,Brandon Marshall,WR,9,NYJ,JAX,8,4,50,44,1,20,6,11,0,0,0,0,0,14.40
27,Mohamed Sanu,WR,9,CIN,CLE,3,3,100,25,0,9,8,8,1,25,1,0,0,14.00
28,Steve Johnson,WR,9,SD,CHI,10,7,70,68,0,16,7,10,0,0,0,0,0,13.80
29,TY Hilton,WR,9,IND,DEN,6,5,83,82,0,30,14,16,0,0,0,0,0,13.20
30,Marvin Jones,WR,9,CIN,CLE,6,5,83,78,0,29,13,16,0,0,0,0,0,12.80
31,Dorial Green-Beckham,WR,9,TEN,NO,10,5,50,77,0,20,8,15,0,0,0,0,0,12.70
32,Harry Douglas,WR,9,TEN,NO,5,5,100,73,0,30,15,15,0,0,0,0,0,12.30
33,Griff Whalen,WR,9,IND,DEN,6,5,83,73,0,38,12,15,0,0,0,0,0,12.30
34,Martavis Bryant,WR,9,PIT,OAK,7,3,43,31,1,15,4,10,0,0,0,0,0,12.10
35,Tavon Austin,WR,9,LA,MIN,7,4,57,15,0,10,2,4,8,66,0,0,0,12.10
36,Corey Brown,WR,9,CAR,GB,4,2,50,50,1,39,13,25,1,-12,0,0,0,11.80
37,Kenny Britt,WR,9,LA,MIN,5,3,60,87,0,55,17,29,0,0,0,0,0,11.70
38,Jerricho Cotchery,WR,9,CAR,GB,6,3,50,82,0,59,14,27,0,0,0,0,0,11.20
39,Pierre Garcon,WR,9,WAS,NE,8,4,50,70,0,36,9,18,0,0,0,0,0,11.00
40,Jamison Crowder,WR,9,WAS,NE,8,6,75,50,0,16,6,8,0,0,0,1,0,11.00
41,Justin Hunter,WR,9,TEN,NO,4,3,75,17,1,8,4,6,0,0,0,0,0,10.70
42,Adam Humphries,WR,9,TB,NYG,5,5,100,55,0,16,11,11,0,0,0,0,0,10.50
43,Kenny Stills,WR,9,MIA,BUF,5,3,60,74,0,46,15,25,0,0,0,0,0,10.40
44,Seth Roberts,WR,9,OAK,PIT,4,3,75,73,0,36,18,24,0,0,0,0,0,10.30
45,Quinton Patton,WR,9,SF,ATL,5,3,60,70,0,41,14,23,0,0,0,0,0,10.00
46,Demaryius Thomas,WR,9,DEN,IND,7,5,71,50,0,17,7,10,0,0,0,0,0,10.00
47,Rishard Matthews,WR,9,MIA,BUF,4,4,100,54,0,21,14,14,0,0,0,0,0,9.40
48,AJ Green,WR,9,CIN,CLE,6,4,67,53,0,18,9,13,0,0,0,0,0,9.30
49,Kenbrell Thompkins,WR,9,NYJ,JAX,4,4,100,45,0,38,11,11,0,0,0,0,0,8.50
50,Brandon Coleman,WR,9,NO,TEN,3,2,67,58,0,30,19,29,0,0,0,0,0,7.80
1,Antonio Brown,WR,10,PIT,CLE,14,10,71,139,2,56,10,14,0,0,0,0,0,40.90
2,Michael Floyd,WR,10,ARI,SEA,9,7,78,113,2,35,13,16,0,0,0,0,0,33.30
3,Martavis Bryant,WR,10,PIT,CLE,10,6,60,178,1,64,18,30,0,0,0,1,1,31.80
4,Doug Baldwin,WR,10,SEA,ARI,10,7,70,134,1,33,13,19,0,0,0,0,0,29.40
5,Brandin Cooks,WR,10,NO,WAS,8,5,63,98,2,60,12,20,1,11,0,0,0,27.90
6,Larry Fitzgerald,WR,10,ARI,SEA,15,10,67,130,0,22,9,13,0,0,0,0,0,26.00
7,Mike Evans,WR,10,TB,DAL,13,8,62,126,0,26,10,16,0,0,0,0,0,23.60
8,Odell Beckham Jr,WR,10,NYG,NE,12,4,33,104,1,87,9,26,0,0,0,0,0,23.40
9,Travis Benjamin,WR,10,CLE,PIT,11,7,64,113,0,61,10,16,1,-7,0,0,0,20.60
10,Eric Decker,WR,10,NYJ,BUF,11,6,55,85,1,31,8,14,0,0,0,0,0,20.50
11,Dwayne Harris,WR,10,NYG,NE,9,6,67,82,1,30,9,14,0,0,0,0,0,20.20
12,Jarvis Landry,WR,10,MIA,PHI,12,7,58,52,1,18,4,7,1,6,0,0,0,18.80
13,Davante Adams,WR,10,GB,DET,21,10,48,79,0,18,4,8,0,0,0,0,0,17.90
14,Danny Amendola,WR,10,NE,NYG,11,10,91,79,0,12,7,8,0,0,0,0,0,17.90
15,Allen Hurns,WR,10,JAX,BAL,9,5,56,62,1,21,7,12,0,0,0,0,0,17.20
16,DeAndre Hopkins,WR,10,HOU,CIN,11,5,46,57,1,22,5,11,0,0,0,0,0,16.70
17,Allen Robinson,WR,10,JAX,BAL,11,5,46,51,1,16,5,10,0,0,0,0,0,16.10
18,Jamison Crowder,WR,10,WAS,NO,5,4,80,60,1,31,12,15,0,0,0,1,0,16.00
19,Rishard Matthews,WR,10,MIA,PHI,6,5,83,93,0,43,16,19,1,4,0,0,0,14.70
20,Kamar Aiken,WR,10,BAL,JAX,14,7,50,73,0,29,5,10,0,0,0,0,0,14.30
21,Calvin Johnson,WR,10,DET,GB,9,6,67,81,0,19,9,14,0,0,0,0,0,14.10
22,Demaryius Thomas,WR,10,DEN,KC,10,7,70,71,0,17,7,10,0,0,0,0,0,14.10
23,Chris Givens,WR,10,BAL,JAX,7,4,57,37,1,14,5,9,0,0,0,0,0,13.70
24,Brian Hartline,WR,10,CLE,PIT,9,6,67,77,0,21,9,13,0,0,0,0,0,13.70
25,Amari Cooper,WR,10,OAK,MIN,9,5,56,79,0,38,9,16,0,0,0,0,0,12.90
26,Andrew Hawkins,WR,10,CLE,PIT,8,7,88,69,0,16,9,10,0,0,0,1,1,12.90
27,Lance Moore,WR,10,DET,GB,6,3,50,29,1,15,5,10,0,0,0,0,0,11.90
28,Brandon Marshall,WR,10,NYJ,BUF,10,3,30,23,1,14,2,8,0,0,0,0,0,11.30
29,Josh Huff,WR,10,PHI,MIA,4,3,75,23,1,16,6,8,0,0,0,0,0,11.30
30,AJ Green,WR,10,CIN,HOU,7,5,71,67,0,26,10,13,0,0,0,1,1,10.70
31,Andre Holmes,WR,10,OAK,MIN,2,1,50,34,1,34,17,34,0,0,0,0,0,10.40
32,Golden Tate,WR,10,DET,GB,4,4,100,52,0,43,13,13,1,11,0,0,0,10.30
33,Randall Cobb,WR,10,GB,DET,10,5,50,53,0,20,5,11,1,-3,0,0,0,10.00
34,Jared Abbrederis,WR,10,GB,DET,7,4,57,57,0,32,8,14,0,0,0,1,0,9.70
35,Michael Crabtree,WR,10,OAK,MIN,5,4,80,55,0,22,11,14,0,0,0,0,0,9.50
36,Dez Bryant,WR,10,DAL,TB,12,5,42,45,0,16,4,9,0,0,0,0,0,9.50
37,Andre Caldwell,WR,10,DEN,KC,5,2,40,13,1,7,3,7,0,0,0,0,0,9.30
38,Julian Edelman,WR,10,NE,NYG,5,4,80,53,0,30,11,13,0,0,0,0,0,9.30
39,Justin Hunter,WR,10,TEN,CAR,4,4,100,47,0,24,12,12,0,0,0,0,0,8.70
40,Brandon LaFell,WR,10,NE,NYG,6,2,33,66,0,54,11,33,0,0,0,0,0,8.60
41,Ted Ginn,WR,10,CAR,TEN,8,4,50,45,0,19,6,11,0,0,0,0,0,8.50
42,Rueben Randle,WR,10,NYG,NE,4,3,75,51,0,31,13,17,0,0,0,0,0,8.10
43,Stefon Diggs,WR,10,MIN,OAK,2,2,100,46,0,37,23,23,1,10,0,0,0,7.60
44,Marvin Jones,WR,10,CIN,HOU,9,4,44,44,0,16,5,11,1,-8,0,0,0,7.60
45,Jaron Brown,WR,10,ARI,SEA,5,3,60,38,0,20,8,13,0,0,0,0,0,6.80
46,Cordarrelle Patterson,WR,10,MIN,OAK,0,0,0,0,0,0,0,0,1,6,0,0,0,6.60
47,DeSean Jackson,WR,10,WAS,NO,5,2,40,44,0,42,9,22,0,0,0,0,0,6.40
48,Nelson Agholor,WR,10,PHI,MIA,4,3,75,32,0,21,8,11,0,0,0,0,0,6.20
49,Wes Welker,WR,10,LA,CHI,6,3,50,32,0,14,5,11,0,0,0,0,0,6.20
50,Devin Funchess,WR,10,CAR,TEN,2,2,100,41,0,27,21,21,0,0,0,0,0,6.10
1,DeAndre Hopkins,WR,11,HOU,NYJ,12,5,42,118,2,61,10,24,0,0,0,0,0,31.80
2,Julio Jones,WR,11,ATL,IND,15,9,60,160,0,36,11,18,0,0,0,0,0,28.00
3,James Jones,WR,11,GB,MIN,11,6,55,109,1,37,10,18,0,0,0,0,0,27.90
4,JJ Nelson,WR,11,ARI,CIN,6,4,67,142,1,64,24,36,0,0,0,0,0,27.20
5,Danny Amendola,WR,11,NE,BUF,12,9,75,117,0,41,10,13,0,0,0,0,0,23.70
6,Tyler Lockett,WR,11,SEA,SF,5,4,80,48,2,24,10,12,1,5,0,0,0,21.30
7,DeSean Jackson,WR,11,WAS,CAR,8,5,63,87,1,56,11,17,0,0,0,0,0,19.70
8,Allen Robinson,WR,11,JAX,TEN,7,5,71,113,0,38,16,23,0,0,0,0,0,19.30
9,Terrance Williams,WR,11,DAL,MIA,4,4,100,79,1,31,20,20,0,0,0,0,0,17.90
10,Marquess Wilson,WR,11,CHI,DEN,7,4,57,102,0,40,15,26,0,0,0,0,0,17.20
11,Larry Fitzgerald,WR,11,ARI,CIN,13,8,62,90,0,20,7,11,0,0,0,0,0,17.00
12,Devin Funchess,WR,11,CAR,WAS,8,4,50,64,1,35,8,16,0,0,0,0,0,16.40
13,Mike Evans,WR,11,TB,PHI,7,4,57,63,1,25,9,16,0,0,0,0,0,16.30
14,Kamar Aiken,WR,11,BAL,LA,8,5,63,50,1,18,6,10,0,0,0,0,0,16.00
15,Ted Ginn,WR,11,CAR,WAS,8,5,63,37,1,17,5,7,2,12,0,0,0,15.90
16,Brandon Marshall,WR,11,NYJ,HOU,10,5,50,47,1,21,5,9,0,0,0,0,0,15.70
17,Vincent Jackson,WR,11,TB,PHI,6,4,67,56,1,24,9,14,0,0,0,0,0,15.60
18,Chris Hogan,WR,11,BUF,NE,7,6,86,95,0,42,14,16,0,0,0,0,0,15.50
19,Golden Tate,WR,11,DET,OAK,11,8,73,73,0,21,7,9,1,-2,0,0,0,15.10
20,Demaryius Thomas,WR,11,DEN,CHI,8,3,38,59,1,48,7,20,0,0,0,0,0,14.90
21,Cecil Shorts,WR,11,HOU,NYJ,5,2,40,51,0,35,10,26,4,26,0,0,0,14.54
22,Dez Bryant,WR,11,DAL,MIA,9,4,44,45,1,16,5,11,0,0,0,0,0,14.50
23,Anquan Boldin,WR,11,SF,SEA,7,5,71,93,0,28,13,19,0,0,0,0,0,14.30
24,John Brown,WR,11,ARI,CIN,3,3,100,43,1,18,14,14,2,9,0,0,0,14.20
25,Calvin Johnson,WR,11,DET,OAK,9,5,56,88,0,36,10,18,0,0,0,0,0,13.80
26,Leonard Hankerson,WR,11,ATL,IND,7,4,57,36,1,18,5,9,0,0,0,0,0,13.60
27,Kenny Stills,WR,11,MIA,DAL,2,2,100,52,1,29,26,26,0,0,0,0,0,13.20
28,Stefon Diggs,WR,11,MIN,GB,9,6,67,66,0,17,7,11,0,0,0,0,0,12.60
29,Steve Johnson,WR,11,SD,KC,8,7,88,54,0,13,7,8,0,0,0,0,0,12.40
30,Eric Decker,WR,11,NYJ,HOU,11,4,36,81,0,25,7,20,0,0,0,0,0,12.10
31,Doug Baldwin,WR,11,SEA,SF,6,6,100,60,0,21,10,10,0,0,0,0,0,12.00
32,AJ Green,WR,11,CIN,ARI,12,4,33,79,0,42,7,20,0,0,0,0,0,11.90
33,Michael Crabtree,WR,11,OAK,DET,11,6,55,50,0,15,5,8,0,0,0,1,0,11.00
34,Josh Huff,WR,11,PHI,TB,1,1,100,39,1,39,39,39,0,0,0,0,0,10.90
35,Cody Latimer,WR,11,DEN,CHI,3,2,67,22,1,12,7,11,1,5,0,0,0,10.70
36,Jarvis Landry,WR,11,MIA,DAL,7,4,57,66,0,47,9,17,0,0,0,0,0,10.60
37,Brandon LaFell,WR,11,NE,BUF,8,4,50,66,0,27,8,17,0,0,0,0,0,10.60
38,Randall Cobb,WR,11,GB,MIN,9,2,22,24,1,14,3,12,0,0,0,0,0,10.40
39,Marvin Jones,WR,11,CIN,ARI,9,4,44,60,0,22,7,15,0,0,0,0,0,10.00
40,Jerricho Cotchery,WR,11,CAR,WAS,6,4,67,57,0,19,10,14,0,0,0,0,0,9.70
41,Josh Bellamy,WR,11,CHI,DEN,5,4,80,57,0,38,11,14,0,0,0,0,0,9.70
42,Albert Wilson,WR,11,KC,SD,4,4,100,56,0,27,14,14,0,0,0,0,0,9.60
43,Donte Moncrief,WR,11,IND,ATL,8,5,63,41,0,11,5,8,0,0,0,0,0,9.10
44,Jarius Wright,WR,11,MIN,GB,5,4,80,50,0,18,10,13,0,0,0,0,0,9.00
45,Adam Humphries,WR,11,TB,PHI,5,4,80,50,0,27,10,13,0,0,0,0,0,9.00
46,Jeremy Butler,WR,11,BAL,LA,5,4,80,45,0,25,9,11,0,0,0,1,0,8.50
47,Robert Woods,WR,11,BUF,NE,9,4,44,44,0,18,5,11,0,0,0,0,0,8.40
48,Dontrelle Inman,WR,11,SD,KC,5,3,60,51,0,27,10,17,0,0,0,0,0,8.10
49,Javontee Herndon,WR,11,SD,KC,7,5,71,37,0,10,5,7,0,0,0,1,1,7.70
50,Russell Shepard,WR,11,TB,PHI,1,1,100,4,1,4,4,4,0,0,0,0,0,7.40
1,Doug Baldwin,WR,12,SEA,PIT,8,6,75,145,3,80,18,24,0,0,0,0,0,41.50
2,Jarvis Landry,WR,12,MIA,NYJ,16,13,81,165,1,40,10,13,1,4,0,0,0,38.90
3,Markus Wheaton,WR,12,PIT,SEA,13,9,69,201,1,69,16,22,0,0,0,0,0,38.10
4,Brandon Marshall,WR,12,NYJ,MIA,11,9,82,131,2,47,12,15,0,0,0,0,0,37.10
5,Sammy Watkins,WR,12,BUF,KC,10,6,60,158,2,48,16,26,0,0,0,0,0,36.80
6,Calvin Johnson,WR,12,DET,PHI,14,8,57,93,3,25,7,12,0,0,0,0,0,35.30
7,Jeremy Maclin,WR,12,KC,BUF,11,9,82,160,1,41,15,18,0,0,0,0,0,34.00
8,Seth Roberts,WR,12,OAK,TEN,7,6,86,113,2,38,16,19,0,0,0,0,0,32.30
9,Odell Beckham Jr,WR,12,NYG,WAS,18,9,50,142,1,31,8,16,0,0,0,0,0,32.20
10,TY Hilton,WR,12,IND,TB,12,6,50,95,2,31,8,16,0,0,0,1,0,27.50
11,AJ Green,WR,12,CIN,LA,8,6,75,61,2,18,8,10,0,0,0,0,0,24.10
12,Donte Moncrief,WR,12,IND,TB,9,8,89,114,0,31,13,14,0,0,0,0,0,22.40
13,Steve Johnson,WR,12,SD,JAX,10,7,70,92,1,25,9,13,0,0,0,0,0,22.20
14,Travis Benjamin,WR,12,CLE,BAL,13,6,46,90,1,42,7,15,1,10,0,0,0,22.00
15,Tavon Austin,WR,12,LA,CIN,6,6,100,33,0,12,6,6,4,63,1,0,0,21.60
16,Amari Cooper,WR,12,OAK,TEN,12,7,58,115,0,41,10,16,0,0,0,0,0,21.50
17,Jermaine Kearse,WR,12,SEA,PIT,5,4,80,47,2,22,9,12,0,0,0,1,0,20.70
18,Emmanuel Sanders,WR,12,DEN,NE,9,6,67,113,0,39,13,19,0,0,0,0,0,20.30
19,Kamar Aiken,WR,12,BAL,CLE,10,6,60,80,1,27,8,13,0,0,0,0,0,20.00
20,Martavis Bryant,WR,12,PIT,SEA,13,5,39,69,0,40,5,14,1,11,1,0,0,19.00
21,Devante Parker,WR,12,MIA,NYJ,10,4,40,80,1,33,8,20,0,0,0,0,0,18.00
22,Golden Tate,WR,12,DET,PHI,8,7,88,50,1,19,6,7,0,0,0,0,0,18.00
23,Dontrelle Inman,WR,12,SD,JAX,9,5,56,65,1,23,7,13,0,0,0,0,0,17.50
24,Anquan Boldin,WR,12,SF,ARI,11,8,73,93,0,18,9,12,0,0,0,0,0,17.30
25,Eric Decker,WR,12,NYJ,MIA,9,5,56,62,1,24,7,12,0,0,0,0,0,17.20
26,Allen Robinson,WR,12,JAX,SD,11,5,46,56,1,25,5,11,0,0,0,0,0,16.60
27,Larry Fitzgerald,WR,12,ARI,SF,14,10,71,66,0,11,5,7,0,0,0,0,0,16.60
28,Cole Beasley,WR,12,DAL,CAR,7,6,86,44,1,17,6,7,0,0,0,0,0,16.40
29,Alshon Jeffery,WR,12,CHI,GB,11,7,64,90,0,22,8,13,0,0,0,0,0,16.00
30,Brian Hartline,WR,12,CLE,BAL,12,8,67,74,0,16,6,9,0,0,0,0,0,15.40
31,Jordan Matthews,WR,12,PHI,DET,5,3,60,60,1,24,12,20,0,0,0,0,0,15.00
32,John Brown,WR,12,ARI,SF,7,5,71,99,0,48,14,20,0,0,0,0,0,14.90
33,DeSean Jackson,WR,12,WAS,NYG,4,2,50,66,1,63,17,33,0,0,0,0,0,14.60
34,Randall Cobb,WR,12,GB,CHI,7,6,86,74,0,32,11,12,0,0,0,1,0,13.40
35,Cecil Shorts,WR,12,HOU,NO,4,3,75,18,1,8,5,6,3,20,0,1,0,12.80
36,Jerricho Cotchery,WR,12,CAR,DAL,6,5,83,73,0,24,12,15,0,0,0,0,0,12.30
37,Kenny Britt,WR,12,LA,CIN,11,6,55,63,0,18,6,11,0,0,0,0,0,12.30
38,Roddy White,WR,12,ATL,MIN,8,6,75,60,0,20,8,10,0,0,0,0,0,12.00
39,Harry Douglas,WR,12,TEN,OAK,8,3,38,29,1,13,4,10,0,0,0,0,0,11.90
40,Michael Crabtree,WR,12,OAK,TEN,8,4,50,19,1,7,2,5,0,0,0,0,0,11.90
41,Vincent Jackson,WR,12,TB,IND,10,4,40,76,0,21,8,19,0,0,0,0,0,11.60
42,Mike Evans,WR,12,TB,IND,10,5,50,64,0,17,6,13,0,0,0,0,0,11.40
43,Devin Smith,WR,12,NYJ,MIA,3,2,67,33,1,17,11,17,0,0,0,0,0,11.30
44,Antonio Brown,WR,12,PIT,SEA,12,6,50,51,0,15,4,9,0,0,0,0,0,11.10
45,Rueben Randle,WR,12,NYG,WAS,6,1,17,36,1,40,6,36,0,0,0,0,0,10.60
46,Nick Williams,WR,12,ATL,MIN,4,3,75,16,1,11,4,5,0,0,0,0,0,10.60
47,Julio Jones,WR,12,ATL,MIN,7,5,71,56,0,19,8,11,0,0,0,0,0,10.60
48,Willie Snead,WR,12,NO,HOU,7,4,57,50,0,24,7,13,0,0,0,0,0,9.00
49,Greg Jennings,WR,12,MIA,NYJ,3,2,67,9,1,5,3,5,0,0,0,0,0,8.90
50,Andre Caldwell,WR,12,DEN,NE,4,2,50,8,1,4,2,4,0,0,0,0,0,8.80
1,Allen Robinson,WR,13,JAX,TEN,15,10,67,153,3,44,10,15,0,0,0,0,0,46.30
2,Antonio Brown,WR,13,PIT,IND,11,8,73,118,2,48,11,15,0,0,0,0,0,40.80
3,Brandon Marshall,WR,13,NYJ,NYG,13,12,92,131,1,25,10,11,0,0,0,0,0,34.10
4,Odell Beckham Jr,WR,13,NYG,NYJ,11,6,55,149,1,72,14,25,0,0,0,0,0,29.90
5,Jeremy Maclin,WR,13,KC,OAK,10,9,90,95,2,16,10,11,0,0,0,1,1,29.50
6,AJ Green,WR,13,CIN,CLE,6,5,83,128,1,57,21,26,0,0,0,0,0,26.80
7,Doug Baldwin,WR,13,SEA,MIN,7,5,71,94,2,53,13,19,0,0,0,0,0,26.40
8,Dorial Green-Beckham,WR,13,TEN,JAX,6,5,83,119,1,47,20,24,0,0,0,0,0,25.90
9,Brandin Cooks,WR,13,NO,CAR,10,6,60,104,1,54,10,17,0,0,0,0,0,25.40
10,Ted Ginn,WR,13,CAR,NO,10,5,50,80,2,45,8,16,0,0,0,0,0,25.00
11,Martavis Bryant,WR,13,PIT,IND,8,4,50,114,1,68,14,29,0,0,0,0,0,24.40
12,Sammy Watkins,WR,13,BUF,HOU,4,3,75,109,1,53,27,36,0,0,0,0,0,22.90
13,Eric Decker,WR,13,NYJ,NYG,12,8,67,101,0,17,8,13,0,0,0,0,0,21.10
14,Danny Amendola,WR,13,NE,PHI,13,7,54,62,1,14,5,9,0,0,0,0,0,20.64
15,Michael Floyd,WR,13,ARI,LA,12,7,58,104,0,31,9,15,0,0,0,0,0,20.40
16,John Brown,WR,13,ARI,LA,8,6,75,113,0,68,14,19,0,0,0,0,0,20.30
17,DeAndre Hopkins,WR,13,HOU,BUF,9,5,56,88,1,29,10,18,0,0,0,0,0,19.80
18,DeSean Jackson,WR,13,WAS,DAL,7,6,86,80,1,28,11,13,0,0,0,1,1,19.00
19,Demaryius Thomas,WR,13,DEN,SD,6,6,100,61,1,21,10,10,0,0,0,0,0,18.10
20,Brandon Coleman,WR,13,NO,CAR,7,4,57,73,1,31,10,18,0,0,0,0,0,17.30
21,Julio Jones,WR,13,ATL,TB,17,8,47,93,0,25,6,12,0,0,0,0,0,17.30
22,Mike Evans,WR,13,TB,ATL,7,5,71,61,1,16,9,12,0,0,0,0,0,17.10
23,Tyler Lockett,WR,13,SEA,MIN,7,7,100,90,0,29,13,13,1,7,0,1,0,16.70
24,Marvin Jones,WR,13,CIN,CLE,5,5,100,55,1,21,11,11,0,0,0,0,0,16.50
25,Brian Hartline,WR,13,CLE,CIN,11,8,73,83,0,18,8,10,0,0,0,0,0,16.30
26,Torrey Smith,WR,13,SF,CHI,3,2,67,76,1,71,25,38,0,0,0,0,0,15.60
27,Michael Crabtree,WR,13,OAK,KC,11,5,46,45,1,25,4,9,0,0,0,0,0,15.50
28,Devante Parker,WR,13,MIA,BAL,5,3,60,63,1,38,13,21,0,0,0,0,0,15.30
29,Cecil Shorts,WR,13,HOU,BUF,10,6,60,91,0,23,9,15,1,1,0,0,0,15.20
30,Golden Tate,WR,13,DET,GB,10,8,80,63,0,13,6,8,1,3,0,0,0,14.60
31,Markus Wheaton,WR,13,PIT,IND,6,3,50,50,1,27,8,17,0,0,0,0,0,14.00
32,Larry Fitzgerald,WR,13,ARI,LA,11,8,73,55,0,23,5,7,0,0,0,0,0,13.50
33,Calvin Johnson,WR,13,DET,GB,8,3,38,44,1,20,6,15,0,0,0,0,0,13.40
34,Randall Cobb,WR,13,GB,DET,5,4,80,29,0,16,6,7,1,-1,1,0,0,12.80
35,Jordan Matthews,WR,13,PHI,NE,6,3,50,36,1,20,6,12,0,0,0,1,0,12.60
36,Alshon Jeffery,WR,13,CHI,SF,12,4,33,85,0,31,7,21,0,0,0,0,0,12.50
37,Davante Adams,WR,13,GB,DET,7,4,57,21,1,8,3,5,0,0,0,0,0,12.10
38,Vincent Jackson,WR,13,TB,ATL,5,3,60,87,0,36,17,29,0,0,0,0,0,11.70
39,Jerricho Cotchery,WR,13,CAR,NO,3,3,100,26,1,15,9,9,0,0,0,0,0,11.60
40,JJ Nelson,WR,13,ARI,LA,3,2,67,34,1,22,11,17,0,0,0,0,0,11.40
41,Kamar Aiken,WR,13,BAL,MIA,11,6,55,48,0,11,4,8,0,0,0,0,0,10.80
42,Pierre Garcon,WR,13,WAS,DAL,7,5,71,54,0,23,8,11,0,0,0,0,0,10.40
43,Nate Washington,WR,13,HOU,BUF,11,6,55,44,0,13,4,7,0,0,0,0,0,10.40
44,Amari Cooper,WR,13,OAK,KC,8,4,50,69,0,23,9,17,1,-7,0,0,0,10.20
45,Robert Woods,WR,13,BUF,HOU,5,2,40,19,1,17,4,10,0,0,0,0,0,9.90
46,Chris Givens,WR,13,BAL,MIA,8,3,38,68,0,36,9,23,0,0,0,0,0,9.80
47,Rashad Greene,WR,13,JAX,TEN,3,2,67,15,1,13,5,8,0,0,0,0,0,9.50
48,Dez Bryant,WR,13,DAL,WAS,7,3,43,62,0,42,9,21,0,0,0,0,0,9.20
49,Seth Roberts,WR,13,OAK,KC,5,4,80,51,0,17,10,13,0,0,0,0,0,9.10
50,Anquan Boldin,WR,13,SF,CHI,13,5,39,37,0,11,3,7,0,0,0,0,0,8.70
1,Odell Beckham Jr,WR,14,NYG,MIA,9,7,78,166,2,84,18,24,0,0,0,0,0,38.60
2,Doug Baldwin,WR,14,SEA,BAL,9,6,67,82,3,22,9,14,0,0,0,0,0,32.20
3,Tyler Lockett,WR,14,SEA,BAL,7,6,86,104,2,49,15,17,0,0,0,0,0,31.40
4,Ted Ginn,WR,14,CAR,ATL,3,2,67,120,2,74,40,60,1,5,0,0,0,29.50
5,Golden Tate,WR,14,DET,LA,10,9,90,60,2,16,6,7,1,15,0,0,0,28.50
6,AJ Green,WR,14,CIN,PIT,9,6,67,132,1,66,15,22,0,0,0,0,0,28.20
7,Brandon Marshall,WR,14,NYJ,TEN,10,6,60,125,1,69,13,21,0,0,0,0,0,27.50
8,Alshon Jeffery,WR,14,CHI,WAS,9,6,67,107,1,50,12,18,0,0,0,0,0,25.70
9,Michael Floyd,WR,14,ARI,MIN,9,5,56,102,1,42,11,20,0,0,0,0,0,24.20
10,Allen Hurns,WR,14,JAX,IND,4,3,75,105,1,80,26,35,0,0,0,0,0,22.50
11,Willie Snead,WR,14,NO,TB,8,7,88,122,0,41,15,17,0,0,0,0,0,22.20
12,Brian Hartline,WR,14,CLE,SF,10,8,80,107,0,34,11,13,0,0,0,1,0,21.70
13,Marques Colston,WR,14,NO,TB,8,6,75,36,2,12,5,6,0,0,0,0,0,21.60
14,Jarvis Landry,WR,14,MIA,NYG,18,11,61,99,0,25,6,9,1,0,0,0,0,20.90
15,Eric Decker,WR,14,NYJ,TEN,10,7,70,74,1,20,7,11,0,0,0,0,0,20.40
16,TY Hilton,WR,14,IND,JAX,7,4,57,132,0,57,19,33,0,0,0,0,0,20.20
17,Sammy Watkins,WR,14,BUF,PHI,12,5,42,81,1,47,7,16,1,1,0,0,0,19.20
18,Albert Wilson,WR,14,KC,SD,6,4,67,87,1,44,15,22,0,0,0,0,0,18.70
19,Robert Woods,WR,14,BUF,PHI,7,5,71,106,0,37,15,21,0,0,0,1,0,18.60
20,Demaryius Thomas,WR,14,DEN,OAK,14,10,71,95,0,17,7,10,0,0,0,1,1,18.50
21,John Brown,WR,14,ARI,MIN,5,4,80,78,1,65,16,20,0,0,0,0,0,17.80
22,Randall Cobb,WR,14,GB,DAL,12,8,67,81,0,17,7,10,3,9,0,0,0,17.00
23,Rueben Randle,WR,14,NYG,MIA,6,5,83,58,1,22,10,12,0,0,0,0,0,16.80
24,Julio Jones,WR,14,ATL,CAR,10,7,70,88,0,46,9,13,0,0,0,1,0,15.80
25,Antonio Brown,WR,14,PIT,CIN,10,7,70,87,0,26,9,12,0,0,0,0,0,15.70
26,Nelson Agholor,WR,14,PHI,BUF,6,3,50,62,1,53,10,21,0,0,0,0,0,15.20
27,Jermaine Kearse,WR,14,SEA,BAL,8,7,88,74,0,20,9,11,0,0,0,0,0,14.40
28,Jeremy Butler,WR,14,BAL,SEA,10,7,70,72,0,23,7,10,0,0,0,0,0,14.20
29,Kamar Aiken,WR,14,BAL,SEA,7,5,71,90,0,37,13,18,0,0,0,0,0,14.00
30,Mike Wallace,WR,14,MIN,ARI,5,3,60,42,1,23,8,14,0,0,0,0,0,13.20
31,Kenny Stills,WR,14,MIA,NYG,3,2,67,49,1,47,16,25,0,0,0,0,0,12.90
32,Jeremy Maclin,WR,14,KC,SD,9,6,67,68,0,21,8,11,1,-2,0,0,0,12.60
33,Marvin Jones,WR,14,CIN,PIT,8,6,75,61,0,23,8,10,0,0,0,0,0,12.10
34,Martavis Bryant,WR,14,PIT,CIN,9,7,78,49,0,18,5,7,1,1,0,0,0,12.00
35,Danny Amendola,WR,14,NE,HOU,8,6,75,46,0,10,6,8,0,0,0,0,0,10.60
36,Markus Wheaton,WR,14,PIT,CIN,7,4,57,65,0,31,9,16,0,0,0,0,0,10.50
37,Keshawn Martin,WR,14,NE,HOU,4,3,75,23,1,13,6,8,0,0,0,1,1,10.30
38,Pierre Garcon,WR,14,WAS,CHI,7,5,71,52,0,19,7,10,0,0,0,0,0,10.20
39,Seth Roberts,WR,14,OAK,DEN,4,2,50,20,1,11,5,10,0,0,0,0,0,10.00
40,Jerome Simpson,WR,14,SF,CLE,4,2,50,20,1,14,5,10,0,0,0,0,0,10.00
41,Corey Brown,WR,14,CAR,ATL,6,3,50,59,0,26,10,20,1,9,0,0,0,9.80
42,Javontee Herndon,WR,14,SD,KC,7,5,71,47,0,21,7,9,0,0,0,0,0,9.70
43,Daniel Brown,WR,14,BAL,SEA,6,5,83,47,0,31,8,9,0,0,0,0,0,9.70
44,Quinton Patton,WR,14,SF,CLE,9,5,56,46,0,13,5,9,0,0,0,0,0,9.60
45,Harry Douglas,WR,14,TEN,NYJ,7,3,43,65,0,51,9,22,0,0,0,0,0,9.50
46,Dwayne Harris,WR,14,NYG,MIA,5,5,100,41,0,12,8,8,0,0,0,0,0,9.10
47,Larry Fitzgerald,WR,14,ARI,MIN,6,5,83,41,0,17,7,8,0,0,0,0,0,9.10
48,Jarius Wright,WR,14,MIN,ARI,6,5,83,51,0,22,9,10,0,0,0,1,1,9.10
49,Tavon Austin,WR,14,LA,DET,5,3,60,19,0,14,4,6,4,40,0,0,0,8.90
50,James Jones,WR,14,GB,DAL,7,4,57,49,0,16,7,12,0,0,0,0,0,8.90
1,Antonio Brown,WR,15,PIT,DEN,18,16,89,189,2,23,11,12,0,0,0,0,0,49.90
2,Emmanuel Sanders,WR,15,DEN,PIT,16,10,63,181,1,61,11,18,1,24,0,0,0,39.50
3,Amari Cooper,WR,15,OAK,GB,9,6,67,120,2,41,13,20,0,0,0,0,0,33.00
4,Jordan Matthews,WR,15,PHI,ARI,11,8,73,159,1,78,15,20,0,0,0,0,0,32.90
5,Brandin Cooks,WR,15,NO,DET,13,10,77,124,1,28,10,12,0,0,0,0,0,31.40
6,Sammy Watkins,WR,15,BUF,WAS,10,5,50,111,2,48,11,22,0,0,0,0,0,31.10
7,DeSean Jackson,WR,15,WAS,BUF,8,6,75,153,1,77,19,26,0,0,0,0,0,30.30
8,Kamar Aiken,WR,15,BAL,KC,12,8,67,128,1,48,11,16,0,0,0,0,0,29.80
9,Julio Jones,WR,15,ATL,JAX,13,9,69,118,1,23,9,13,0,0,0,0,0,29.80
10,Mike Evans,WR,15,TB,LA,17,9,53,157,0,30,9,17,0,0,0,0,0,27.70
11,Ted Ginn,WR,15,CAR,NYG,14,6,43,85,2,23,6,14,0,0,0,0,0,26.50
12,Demaryius Thomas,WR,15,DEN,PIT,12,5,42,61,2,18,5,12,0,0,0,0,0,23.10
13,Golden Tate,WR,15,DET,NO,6,6,100,45,2,12,8,8,0,0,0,0,0,22.50
14,Tavon Austin,WR,15,LA,TB,3,3,100,41,1,17,14,14,4,32,1,0,0,22.30
15,Jermaine Kearse,WR,15,SEA,CLE,8,7,88,110,0,39,14,16,0,0,0,0,0,21.00
16,Stefon Diggs,WR,15,MIN,CHI,4,3,75,55,2,33,14,18,0,0,0,0,0,20.50
17,Doug Baldwin,WR,15,SEA,CLE,6,4,67,45,2,27,8,11,0,0,0,0,0,20.50
18,Anquan Boldin,WR,15,SF,CIN,10,8,80,74,1,29,7,9,0,0,0,1,1,20.40
19,Dorial Green-Beckham,WR,15,TEN,NE,9,6,67,113,0,30,13,19,0,0,0,0,0,20.30
20,James Jones,WR,15,GB,OAK,9,6,67,82,1,30,9,14,0,0,0,0,0,20.20
21,Odell Beckham Jr,WR,15,NYG,CAR,9,6,67,76,1,40,8,13,0,0,0,1,0,19.60
22,Martavis Bryant,WR,15,PIT,DEN,14,10,71,87,0,15,6,9,0,0,0,0,0,18.70
23,Markus Wheaton,WR,15,PIT,DEN,11,6,55,62,1,14,6,10,0,0,0,0,0,18.20
24,Jeremy Maclin,WR,15,KC,BAL,10,7,70,50,1,13,5,7,0,0,0,1,0,18.00
25,Willie Snead,WR,15,NO,DET,12,10,83,76,0,15,6,8,0,0,0,1,0,17.60
26,Eric Decker,WR,15,NYJ,DAL,10,6,60,55,1,13,6,9,0,0,0,0,0,17.50
27,DeAndre Hopkins,WR,15,HOU,IND,11,8,73,94,0,28,9,12,0,0,0,0,0,17.40
28,Tyler Lockett,WR,15,SEA,CLE,7,5,71,55,1,27,8,11,0,0,0,0,0,16.50
29,Donte Moncrief,WR,15,IND,HOU,7,5,71,51,1,21,7,10,0,0,0,0,0,16.10
30,Kenny Britt,WR,15,LA,TB,2,2,100,71,1,60,36,36,0,0,0,0,0,15.10
31,Dez Bryant,WR,15,DAL,NYJ,9,4,44,50,1,15,6,13,0,0,0,0,0,15.00
32,Allen Robinson,WR,15,JAX,ATL,5,3,60,57,1,25,11,19,0,0,0,0,0,14.70
33,Rueben Randle,WR,15,NYG,CAR,5,4,80,47,1,27,9,12,0,0,0,0,0,14.70
34,Corey Brown,WR,15,CAR,NYG,4,3,75,51,1,20,13,17,0,0,0,0,0,14.10
35,Jarvis Landry,WR,15,MIA,SD,10,8,80,54,0,14,5,7,0,0,0,0,0,13.40
36,Michael Crabtree,WR,15,OAK,GB,11,6,55,70,0,23,6,12,0,0,0,0,0,13.00
37,Marvin Jones,WR,15,CIN,SF,6,4,67,89,0,47,15,22,0,0,0,0,0,12.90
38,John Brown,WR,15,ARI,PHI,9,3,33,38,1,19,4,13,0,0,0,0,0,12.80
39,Brandon LaFell,WR,15,NE,TEN,5,4,80,88,0,31,18,22,1,0,0,0,0,12.80
40,Devante Parker,WR,15,MIA,SD,6,4,67,87,0,35,15,22,0,0,0,0,0,12.70
41,Pierre Garcon,WR,15,WAS,BUF,4,3,75,34,1,18,9,11,0,0,0,0,0,12.40
42,Michael Floyd,WR,15,ARI,PHI,8,5,63,70,0,29,9,14,0,0,0,0,0,12.00
43,Adam Humphries,WR,15,TB,LA,6,6,100,60,0,14,10,10,0,0,0,0,0,12.00
44,Marques Colston,WR,15,NO,DET,4,2,50,39,1,28,10,20,0,0,0,0,0,11.90
45,Brandon Marshall,WR,15,NYJ,DAL,7,4,57,74,0,25,11,19,0,0,0,0,0,11.40
46,Devin Funchess,WR,15,CAR,NYG,7,2,29,30,1,16,4,15,0,0,0,0,0,11.00
47,Dontrelle Inman,WR,15,SD,MIA,5,3,60,78,0,31,16,26,0,0,0,0,0,10.80
48,Randall Cobb,WR,15,GB,OAK,7,5,71,40,0,23,6,8,4,18,0,0,0,10.80
49,Jaelen Strong,WR,15,HOU,IND,2,2,100,23,1,15,12,12,0,0,0,0,0,10.30
50,Josh Huff,WR,15,PHI,ARI,4,4,100,52,0,22,13,13,0,0,0,0,0,9.20
1,Julio Jones,WR,16,ATL,CAR,11,9,82,178,1,70,16,20,0,0,0,0,0,35.80
2,Brandon Marshall,WR,16,NYJ,NE,10,8,80,115,2,33,12,14,0,0,0,0,0,34.50
3,Allen Hurns,WR,16,JAX,NO,10,8,80,107,2,24,11,13,0,0,0,0,0,33.70
4,Allen Robinson,WR,16,JAX,NO,9,6,67,151,1,90,17,25,0,0,0,0,0,30.10
5,Doug Baldwin,WR,16,SEA,LA,10,8,80,118,1,28,12,15,0,0,0,1,0,28.80
6,DeAndre Hopkins,WR,16,HOU,TEN,11,7,64,117,1,44,11,17,0,0,0,0,0,27.70
7,Brandin Cooks,WR,16,NO,JAX,7,5,71,123,1,71,18,25,4,10,0,0,0,27.30
8,Jordan Matthews,WR,16,PHI,WAS,8,6,75,104,1,43,13,17,0,0,0,0,0,25.40
9,Dontrelle Inman,WR,16,SD,OAK,13,8,62,82,1,20,6,10,0,0,0,0,0,22.20
10,Jarvis Landry,WR,16,MIA,IND,11,7,64,111,0,26,10,16,0,0,0,0,0,21.10
11,Pierre Garcon,WR,16,WAS,PHI,12,7,58,80,1,25,7,11,0,0,0,0,0,21.00
12,Michael Floyd,WR,16,ARI,GB,8,6,75,111,0,47,14,19,0,0,0,0,0,20.10
13,Calvin Johnson,WR,16,DET,SF,10,6,60,77,1,29,8,13,0,0,0,0,0,19.70
14,Emmanuel Sanders,WR,16,DEN,CIN,5,4,80,67,1,35,13,17,0,0,0,0,0,16.70
15,AJ Green,WR,16,CIN,DEN,9,5,56,57,1,17,6,11,0,0,0,0,0,16.70
16,Rueben Randle,WR,16,NYG,MIN,5,2,40,80,1,72,16,40,0,0,0,0,0,16.00
17,Jeremy Maclin,WR,16,KC,CLE,7,5,71,49,1,14,7,10,0,0,0,0,0,15.90
18,Michael Crabtree,WR,16,OAK,SD,8,6,75,39,1,11,5,7,0,0,0,0,0,15.90
19,Kamar Aiken,WR,16,BAL,PIT,8,8,100,66,0,17,8,8,0,0,0,0,0,14.60
20,Keshawn Martin,WR,16,NE,NYJ,11,7,64,68,0,24,6,10,1,6,0,0,0,14.40
21,Kenny Britt,WR,16,LA,SEA,4,3,75,49,1,28,12,16,0,0,0,0,0,13.90
22,Eric Decker,WR,16,NYJ,NE,6,3,50,47,1,25,8,16,0,0,0,0,0,13.70
23,Sammy Watkins,WR,16,BUF,DAL,6,5,83,84,0,37,14,17,0,0,0,0,0,13.40
24,Devante Parker,WR,16,MIA,IND,10,4,40,93,0,49,9,23,0,0,0,0,0,13.30
25,Nate Washington,WR,16,HOU,TEN,5,3,60,42,1,21,8,14,0,0,0,0,0,13.20
26,Antonio Brown,WR,16,PIT,BAL,11,7,64,61,0,27,6,9,0,0,0,0,0,13.10
27,Mohamed Sanu,WR,16,CIN,DEN,3,3,100,29,0,20,10,10,2,10,1,0,0,12.90
28,Larry Fitzgerald,WR,16,ARI,GB,5,4,80,29,1,12,6,7,0,0,0,0,0,12.90
29,Harry Douglas,WR,16,TEN,HOU,12,6,50,79,0,31,7,13,0,0,0,1,1,12.90
30,Demaryius Thomas,WR,16,DEN,CIN,12,7,58,59,0,13,5,8,0,0,0,0,0,12.90
31,Jermaine Kearse,WR,16,SEA,LA,5,3,60,38,1,18,8,13,0,0,0,0,0,12.80
32,Marqise Lee,WR,16,JAX,NO,4,3,75,26,1,18,7,9,1,9,0,0,0,12.50
33,Roddy White,WR,16,ATL,CAR,6,5,83,67,0,17,11,13,0,0,0,0,0,11.70
34,James Jones,WR,16,GB,ARI,11,5,46,46,0,17,4,9,0,0,0,0,0,11.60
35,John Brown,WR,16,ARI,GB,4,3,75,25,1,14,6,8,0,0,0,0,0,11.50
36,Willie Snead,WR,16,NO,JAX,6,4,67,75,0,36,13,19,0,0,0,0,0,11.50
37,M White,WR,16,NYG,MIN,4,2,50,34,1,25,9,17,0,0,0,0,0,11.40
38,Brice Butler,WR,16,DAL,BUF,9,4,44,74,0,34,8,19,0,0,0,0,0,11.40
39,Chris Matthews,WR,16,BAL,PIT,5,3,60,19,1,8,4,6,0,0,0,0,0,10.90
40,TY Hilton,WR,16,IND,MIA,7,4,57,64,0,28,9,16,0,0,0,0,0,10.40
41,Torrey Smith,WR,16,SF,DET,3,2,67,23,1,16,8,12,0,0,0,0,0,10.30
42,Terrance Williams,WR,16,DAL,BUF,10,4,40,62,0,22,6,16,0,0,0,0,0,10.20
43,Mike Evans,WR,16,TB,CHI,8,4,50,61,0,16,8,15,0,0,0,0,0,10.10
44,TJ Jones,WR,16,DET,SF,1,1,100,29,1,29,29,29,0,0,0,0,0,9.90
45,Golden Tate,WR,16,DET,SF,5,4,80,59,0,36,12,15,0,0,0,0,0,9.90
46,Quincy Enunwa,WR,16,NYJ,NE,4,2,50,69,0,48,17,35,0,0,0,0,0,8.90
47,Tre McBride,WR,16,TEN,HOU,3,2,67,8,1,7,3,4,0,0,0,0,0,8.80
48,Jarius Wright,WR,16,MIN,NYG,3,3,100,57,0,21,19,19,0,0,0,0,0,8.70
49,Bruce Ellington,WR,16,SF,DET,4,3,75,55,0,38,14,18,0,0,0,0,0,8.50
50,Brandon Coleman,WR,16,NO,JAX,4,4,100,45,0,21,11,11,0,0,0,0,0,8.50
1,Antonio Brown,WR,17,PIT,CLE,17,13,77,187,1,27,11,14,0,0,0,1,1,39.70
2,Calvin Johnson,WR,17,DET,CHI,15,10,67,137,1,36,9,14,0,0,0,0,0,32.70
3,Brandon Marshall,WR,17,NYJ,BUF,16,8,50,126,1,41,8,16,0,0,0,0,0,29.60
4,Terrance Williams,WR,17,DAL,WAS,9,8,89,173,0,36,19,22,0,0,0,0,0,28.30
5,Sammy Watkins,WR,17,BUF,NYJ,15,11,73,136,0,38,9,12,0,0,0,0,0,27.60
6,Devin Funchess,WR,17,CAR,TB,8,7,88,120,1,41,15,17,0,0,0,1,1,27.00
7,Julio Jones,WR,17,ATL,NO,11,9,82,149,0,29,14,17,0,0,0,0,0,26.90
8,Demaryius Thomas,WR,17,DEN,SD,9,5,56,117,1,72,13,23,0,0,0,0,0,25.70
9,Jamison Crowder,WR,17,WAS,DAL,7,5,71,109,1,44,16,22,0,0,0,0,0,24.90
10,Devante Parker,WR,17,MIA,NE,6,5,83,106,1,46,18,21,0,0,0,0,0,24.60
11,Jordan Matthews,WR,17,PHI,NYG,9,7,78,54,2,25,6,8,0,0,0,0,0,24.40
12,Cole Beasley,WR,17,DAL,WAS,7,5,71,53,2,22,8,11,0,0,0,0,0,22.30
13,Allen Robinson,WR,17,JAX,HOU,9,5,56,108,0,36,12,22,0,0,0,0,0,18.80
14,Anquan Boldin,WR,17,SF,LA,8,5,63,71,1,33,9,14,0,0,0,0,0,18.10
15,Rueben Randle,WR,17,NYG,PHI,7,4,57,79,1,45,11,20,0,0,0,0,0,17.90
16,Larry Fitzgerald,WR,17,ARI,SEA,7,6,86,55,1,17,8,9,0,0,0,0,0,17.50
17,James Jones,WR,17,GB,MIN,13,4,31,102,0,37,8,26,0,0,0,0,0,17.20
18,Tyrell Williams,WR,17,SD,DEN,5,2,40,90,1,80,18,45,0,0,0,0,0,17.00
19,Jeremy Maclin,WR,17,KC,OAK,4,3,75,54,1,25,14,18,1,18,0,0,0,16.20
20,Eric Decker,WR,17,NYJ,BUF,9,5,56,50,1,21,6,10,0,0,0,0,0,16.00
21,DeAndre Hopkins,WR,17,HOU,JAX,12,7,58,89,0,20,7,13,0,0,0,0,0,15.90
22,Rashad Ross,WR,17,WAS,DAL,3,2,67,71,1,71,24,36,0,0,0,0,0,15.10
23,Markus Wheaton,WR,17,PIT,CLE,5,3,60,57,1,40,11,19,0,0,0,0,0,14.70
24,Andre Johnson,WR,17,IND,TEN,6,4,67,46,1,18,8,12,0,0,0,0,0,14.60
25,Pierre Garcon,WR,17,WAS,DAL,4,3,75,49,1,39,12,16,0,0,0,0,0,13.90
26,Josh Bellamy,WR,17,CHI,DET,4,3,75,49,1,34,12,16,0,0,0,0,0,13.90
27,Mike Evans,WR,17,TB,CAR,9,4,44,99,0,30,11,25,0,0,0,0,0,13.90
28,Emmanuel Sanders,WR,17,DEN,SD,8,5,63,99,0,46,12,20,0,0,0,1,1,13.90
29,Jarvis Landry,WR,17,MIA,NE,11,6,55,72,0,19,7,12,2,6,0,0,0,13.80
30,Marc Mariani,WR,17,CHI,DET,8,6,75,80,0,24,10,13,1,-3,0,0,0,13.70
31,AJ Green,WR,17,CIN,BAL,5,4,80,34,1,12,7,9,0,0,0,0,0,13.40
32,Jerricho Cotchery,WR,17,CAR,TB,2,2,100,52,1,31,26,26,0,0,0,0,0,13.20
33,Brandon Coleman,WR,17,NO,ATL,8,5,63,81,0,22,10,16,0,0,0,0,0,13.10
34,Kamar Aiken,WR,17,BAL,CIN,13,5,39,76,0,20,6,15,0,0,0,0,0,12.60
35,Jermaine Kearse,WR,17,SEA,ARI,3,3,100,34,1,24,11,11,0,0,0,0,0,12.40
36,Michael Crabtree,WR,17,OAK,KC,7,3,43,34,1,31,5,11,0,0,0,0,0,12.40
37,Jeremy Butler,WR,17,BAL,CIN,8,6,75,57,0,17,7,10,0,0,0,0,0,11.70
38,Jaelen Strong,WR,17,HOU,JAX,7,6,86,56,0,20,8,9,0,0,0,0,0,11.60
39,Greg Jennings,WR,17,MIA,NE,5,4,80,74,0,31,15,19,0,0,0,0,0,11.40
40,Tavon Austin,WR,17,LA,SF,8,5,63,30,0,10,4,6,6,32,0,0,0,11.20
41,Kenny Britt,WR,17,LA,SF,5,3,60,81,0,54,16,27,0,0,0,0,0,11.10
42,Torrey Smith,WR,17,SF,LA,8,5,63,61,0,31,8,12,0,0,0,0,0,11.10
43,Ryan Grant,WR,17,WAS,DAL,4,3,75,18,1,11,5,6,0,0,0,0,0,10.80
44,Darius Jennings,WR,17,CLE,PIT,10,6,60,45,0,14,5,8,0,0,0,1,0,10.50
45,Odell Beckham Jr,WR,17,NYG,PHI,7,5,71,54,0,24,8,11,0,0,0,0,0,10.40
46,Travis Benjamin,WR,17,CLE,PIT,11,5,46,53,0,15,5,11,1,0,0,0,0,10.30
47,Dorial Green-Beckham,WR,17,TEN,IND,5,2,40,21,1,16,4,11,0,0,0,0,0,10.10
48,Brice Butler,WR,17,DAL,WAS,10,4,40,60,0,24,6,15,0,0,0,0,0,10.00
49,Randall Cobb,WR,17,GB,MIN,8,6,75,37,0,17,5,6,1,3,0,0,0,10.00
50,Doug Baldwin,WR,17,SEA,ARI,7,5,71,46,0,15,7,9,0,0,0,0,0,9.60
